,Security,Bullish Occurences,Bullish Percentages,Bearish Occurences,Bearish Percentages,Total,Naive Sentiment Prediction
11,$QQQ,699.0,0.5352220520673813,607.0,0.4647779479326187,1306.0,Unpredictable
17,$TSLA,565.0,0.6924019607843137,251.0,0.3075980392156863,816.0,Unpredictable
46,$AAPL,450.0,0.75,150.0,0.25,600.0,Unpredictable
54,$AMZN,372.0,0.8,93.0,0.2,465.0,Bullish
27,$DJIA,176.0,0.411214953271028,252.0,0.5887850467289719,428.0,Unpredictable
29,$SPX,108.0,0.2918918918918919,262.0,0.7081081081081081,370.0,Unpredictable
19,$DIA,139.0,0.4440894568690096,174.0,0.5559105431309904,313.0,Unpredictable
14,$MSFT,228.0,0.8260869565217391,48.0,0.17391304347826086,276.0,Bullish
49,$NFLX,146.0,0.6320346320346321,85.0,0.36796536796536794,231.0,Unpredictable
0,$BA,172.0,0.7926267281105991,45.0,0.2073732718894009,217.0,Unpredictable
56,$AMD,163.0,0.8029556650246306,40.0,0.19704433497536947,203.0,Bullish
64,$FB,126.0,0.7682926829268293,38.0,0.23170731707317074,164.0,Unpredictable
90,$MRNA,122.0,0.7870967741935484,33.0,0.2129032258064516,155.0,Unpredictable
66,$SPCE,129.0,0.8958333333333334,15.0,0.10416666666666667,144.0,Bullish
12,$NIO,96.0,0.75,32.0,0.25,128.0,Unpredictable
43,$ES_F,73.0,0.5887096774193549,51.0,0.4112903225806452,124.0,Unpredictable
44,$VIX,51.0,0.4473684210526316,63.0,0.5526315789473685,114.0,Unpredictable
69,$ROKU,101.0,0.926605504587156,8.0,0.07339449541284404,109.0,Bullish
142,$IWM,59.0,0.5959595959595959,40.0,0.40404040404040403,99.0,Unpredictable
169,$AZN,80.0,0.8602150537634409,13.0,0.13978494623655913,93.0,Bullish
55,$NVDA,55.0,0.6470588235294118,30.0,0.35294117647058826,85.0,Unpredictable
122,$JPM,53.0,0.654320987654321,28.0,0.345679012345679,81.0,Unpredictable
59,$NASDAQ,54.0,0.6923076923076923,24.0,0.3076923076923077,78.0,Unpredictable
30,$AAL,61.0,0.8243243243243243,13.0,0.17567567567567569,74.0,Bullish
288,$NDX,19.0,0.2753623188405797,50.0,0.7246376811594203,69.0,Unpredictable
152,$BTC.X,41.0,0.6612903225806451,21.0,0.3387096774193548,62.0,Unpredictable
48,$DIS,44.0,0.7213114754098361,17.0,0.2786885245901639,61.0,Unpredictable
209,$GLD,32.0,0.5423728813559322,27.0,0.4576271186440678,59.0,Unpredictable
5,$GNLN,43.0,0.7288135593220338,16.0,0.2711864406779661,59.0,Unpredictable
249,$UVXY,18.0,0.3157894736842105,39.0,0.6842105263157895,57.0,Unpredictable
424,$W,12.0,0.21818181818181817,43.0,0.7818181818181819,55.0,Unpredictable
3,$NCLH,43.0,0.7962962962962963,11.0,0.2037037037037037,54.0,Unpredictable
10,$BABA,52.0,0.9629629629629629,2.0,0.037037037037037035,54.0,Bullish
1,$CCL,37.0,0.7115384615384616,15.0,0.28846153846153844,52.0,Unpredictable
131,$XLF,30.0,0.5769230769230769,22.0,0.4230769230769231,52.0,Unpredictable
9,$WMT,51.0,0.9807692307692307,1.0,0.019230769230769232,52.0,Bullish
127,$VXX,34.0,0.68,16.0,0.32,50.0,Unpredictable
120,$BOXL,49.0,1.0,0.0,0.0,49.0,Bullish
65,$GOOG,42.0,0.8571428571428571,7.0,0.14285714285714285,49.0,Bullish
231,$ZM,12.0,0.2608695652173913,34.0,0.7391304347826086,46.0,Unpredictable
104,$WKHS,40.0,0.8888888888888888,5.0,0.1111111111111111,45.0,Bullish
107,$GOOGL,42.0,0.9545454545454546,2.0,0.045454545454545456,44.0,Bullish
41,$NKLA,30.0,0.7142857142857143,12.0,0.2857142857142857,42.0,Unpredictable
213,$SQQQ,19.0,0.4634146341463415,22.0,0.5365853658536586,41.0,Unpredictable
18,$TWTR,25.0,0.625,15.0,0.375,40.0,Unpredictable
62,$DKNG,35.0,0.9459459459459459,2.0,0.05405405405405406,37.0,Bullish
170,$TLRY,35.0,0.9722222222222222,1.0,0.027777777777777776,36.0,Bullish
292,$WFC,25.0,0.6944444444444444,11.0,0.3055555555555556,36.0,Unpredictable
6,$CGC,31.0,0.8857142857142857,4.0,0.11428571428571428,35.0,Bullish
157,$SPAQ,32.0,0.9411764705882353,2.0,0.058823529411764705,34.0,Bullish
165,$DAL,23.0,0.71875,9.0,0.28125,32.0,Unpredictable
31,$VOO,31.0,0.96875,1.0,0.03125,32.0,Bullish
421,$SLV,30.0,0.967741935483871,1.0,0.03225806451612903,31.0,Bullish
254,$EVRI,30.0,1.0,0.0,0.0,30.0,Bullish
276,$F,20.0,0.6896551724137931,9.0,0.3103448275862069,29.0,Unpredictable
99,$SAVE,26.0,0.9285714285714286,2.0,0.07142857142857142,28.0,Bullish
464,$GWPH,25.0,0.8928571428571429,3.0,0.10714285714285714,28.0,Bullish
205,$TLT,22.0,0.7857142857142857,6.0,0.21428571428571427,28.0,Unpredictable
87,$BAC,23.0,0.8518518518518519,4.0,0.14814814814814814,27.0,Bullish
34,$GNUS,26.0,1.0,0.0,0.0,26.0,Bullish
97,$320,20.0,0.7692307692307693,6.0,0.23076923076923078,26.0,Unpredictable
166,$UAL,16.0,0.64,9.0,0.36,25.0,Unpredictable
126,$GS,22.0,0.88,3.0,0.12,25.0,Bullish
153,$SHOP,15.0,0.625,9.0,0.375,24.0,Unpredictable
359,$C,23.0,0.9583333333333334,1.0,0.041666666666666664,24.0,Bullish
112,$SPXL,4.0,0.16666666666666666,20.0,0.8333333333333334,24.0,Bearish
417,$ABT,24.0,1.0,0.0,0.0,24.0,Bullish
331,$NVAX,22.0,0.9166666666666666,2.0,0.08333333333333333,24.0,Bullish
79,$300,9.0,0.391304347826087,14.0,0.6086956521739131,23.0,Unpredictable
58,$,13.0,0.5909090909090909,9.0,0.4090909090909091,22.0,Unpredictable
174,$PFE,21.0,0.9545454545454546,1.0,0.045454545454545456,22.0,Bullish
262,$INTC,14.0,0.6363636363636364,8.0,0.36363636363636365,22.0,Unpredictable
369,$$$$,2.0,0.09090909090909091,20.0,0.9090909090909091,22.0,Bearish
91,$NAIL,21.0,0.9545454545454546,1.0,0.045454545454545456,22.0,Bullish
147,$SRNE,22.0,1.0,0.0,0.0,22.0,Bullish
448,$IBIO,21.0,1.0,0.0,0.0,21.0,Bullish
81,$V,21.0,1.0,0.0,0.0,21.0,Bullish
310,$WORK,19.0,0.95,1.0,0.05,20.0,Bullish
589,$DAX,4.0,0.2,16.0,0.8,20.0,Bearish
179,$$$,7.0,0.35,13.0,0.65,20.0,Unpredictable
307,$IDEX,20.0,1.0,0.0,0.0,20.0,Bullish
293,$325,16.0,0.8,4.0,0.2,20.0,Bullish
50,$MU,16.0,0.8421052631578947,3.0,0.15789473684210525,19.0,Unpredictable
407,$330,15.0,0.7894736842105263,4.0,0.21052631578947367,19.0,Unpredictable
168,$GILD,14.0,0.7368421052631579,5.0,0.2631578947368421,19.0,Unpredictable
2,$RCL,10.0,0.5263157894736842,9.0,0.47368421052631576,19.0,Unpredictable
580,$SNAP,15.0,0.8333333333333334,3.0,0.16666666666666666,18.0,Unpredictable
8,$PM,18.0,1.0,0.0,0.0,18.0,Unpredictable
339,$100,14.0,0.8235294117647058,3.0,0.17647058823529413,17.0,Unpredictable
98,$RTX,17.0,1.0,0.0,0.0,17.0,Unpredictable
557,$GDX,11.0,0.6470588235294118,6.0,0.35294117647058826,17.0,Unpredictable
323,$NQ_F,9.0,0.5294117647058824,8.0,0.47058823529411764,17.0,Unpredictable
520,$BRK.B,16.0,0.9411764705882353,1.0,0.058823529411764705,17.0,Unpredictable
53,$400,15.0,0.9375,1.0,0.0625,16.0,Unpredictable
140,$TWO,16.0,1.0,0.0,0.0,16.0,Unpredictable
524,$323,10.0,0.625,6.0,0.375,16.0,Unpredictable
212,$TQQQ,12.0,0.75,4.0,0.25,16.0,Unpredictable
398,$USO,2.0,0.13333333333333333,13.0,0.8666666666666667,15.0,Unpredictable
733,$1,5.0,0.3333333333333333,10.0,0.6666666666666666,15.0,Unpredictable
335,$SPY.,10.0,0.6666666666666666,5.0,0.3333333333333333,15.0,Unpredictable
105,$XSPA,13.0,0.9285714285714286,1.0,0.07142857142857142,14.0,Unpredictable
298,$310,2.0,0.14285714285714285,12.0,0.8571428571428571,14.0,Unpredictable
368,$INO,12.0,0.8571428571428571,2.0,0.14285714285714285,14.0,Unpredictable
287,$IBM,13.0,0.9285714285714286,1.0,0.07142857142857142,14.0,Unpredictable
83,$JNJ,13.0,0.9285714285714286,1.0,0.07142857142857142,14.0,Unpredictable
372,$SPXU,1.0,0.07142857142857142,13.0,0.9285714285714286,14.0,Unpredictable
351,$DXY,5.0,0.38461538461538464,8.0,0.6153846153846154,13.0,Unpredictable
118,$XLK,9.0,0.6923076923076923,4.0,0.3076923076923077,13.0,Unpredictable
343,$HAL,13.0,1.0,0.0,0.0,13.0,Unpredictable
356,$SPXS,6.0,0.46153846153846156,7.0,0.5384615384615384,13.0,Unpredictable
402,$EROS,5.0,0.38461538461538464,8.0,0.6153846153846154,13.0,Unpredictable
15,$322,8.0,0.6153846153846154,5.0,0.38461538461538464,13.0,Unpredictable
95,$1.2M,12.0,1.0,0.0,0.0,12.0,Unpredictable
1021,$OPK,12.0,1.0,0.0,0.0,12.0,Unpredictable
778,$IFRX,12.0,1.0,0.0,0.0,12.0,Unpredictable
365,$PEP,12.0,1.0,0.0,0.0,12.0,Unpredictable
25,$JNUG,11.0,0.9166666666666666,1.0,0.08333333333333333,12.0,Unpredictable
7,$KERN,10.0,0.8333333333333334,2.0,0.16666666666666666,12.0,Unpredictable
705,$RUT,1.0,0.08333333333333333,11.0,0.9166666666666666,12.0,Unpredictable
252,$200,8.0,0.6666666666666666,4.0,0.3333333333333333,12.0,Unpredictable
809,$CHAD,12.0,1.0,0.0,0.0,12.0,Unpredictable
113,$ALT,12.0,1.0,0.0,0.0,12.0,Unpredictable
202,$315,3.0,0.25,9.0,0.75,12.0,Unpredictable
312,$30,7.0,0.6363636363636364,4.0,0.36363636363636365,11.0,Unpredictable
189,$UPRO,11.0,1.0,0.0,0.0,11.0,Unpredictable
413,$BRK.A,11.0,1.0,0.0,0.0,11.0,Unpredictable
255,$EBAY,8.0,0.7272727272727273,3.0,0.2727272727272727,11.0,Unpredictable
94,$12000,11.0,1.0,0.0,0.0,11.0,Unpredictable
108,$LVGO,11.0,1.0,0.0,0.0,11.0,Unpredictable
461,$XLE,10.0,0.9090909090909091,1.0,0.09090909090909091,11.0,Unpredictable
37,$JD,11.0,1.0,0.0,0.0,11.0,Unpredictable
278,$SPG,11.0,1.0,0.0,0.0,11.0,Unpredictable
232,$SQ,10.0,0.9090909090909091,1.0,0.09090909090909091,11.0,Unpredictable
321,$318,5.0,0.45454545454545453,6.0,0.5454545454545454,11.0,Unpredictable
432,$GE,6.0,0.5454545454545454,5.0,0.45454545454545453,11.0,Unpredictable
571,$CZR,11.0,1.0,0.0,0.0,11.0,Unpredictable
621,$CAT,10.0,0.9090909090909091,1.0,0.09090909090909091,11.0,Unpredictable
653,$10,5.0,0.5,5.0,0.5,10.0,Unpredictable
301,$PTON,7.0,0.7,3.0,0.3,10.0,Unpredictable
495,$$,5.0,0.5,5.0,0.5,10.0,Unpredictable
225,$NBRV,8.0,0.8,2.0,0.2,10.0,Unpredictable
518,$VXRT,9.0,0.9,1.0,0.1,10.0,Unpredictable
110,$KSS,10.0,1.0,0.0,0.0,10.0,Unpredictable
756,$DPZ,10.0,1.0,0.0,0.0,10.0,Unpredictable
377,$KTOV,10.0,1.0,0.0,0.0,10.0,Unpredictable
235,$MGM,7.0,0.7,3.0,0.3,10.0,Unpredictable
233,$SHLL,9.0,0.9,1.0,0.1,10.0,Unpredictable
115,$SOLO,8.0,0.8,2.0,0.2,10.0,Unpredictable
245,$LCA,10.0,1.0,0.0,0.0,10.0,Unpredictable
510,$BNGO,9.0,1.0,0.0,0.0,9.0,Unpredictable
182,$2,7.0,0.7777777777777778,2.0,0.2222222222222222,9.0,Unpredictable
702,$HMHC,9.0,1.0,0.0,0.0,9.0,Unpredictable
700,$324,6.0,0.6666666666666666,3.0,0.3333333333333333,9.0,Unpredictable
167,$LUV,8.0,0.8888888888888888,1.0,0.1111111111111111,9.0,Unpredictable
651,$WTI,4.0,0.4444444444444444,5.0,0.5555555555555556,9.0,Unpredictable
790,$GM,6.0,0.6666666666666666,3.0,0.3333333333333333,9.0,Unpredictable
656,$TVIX,5.0,0.5555555555555556,4.0,0.4444444444444444,9.0,Unpredictable
92,$ITB,9.0,1.0,0.0,0.0,9.0,Unpredictable
52,$340,7.0,0.7777777777777778,2.0,0.2222222222222222,9.0,Unpredictable
1112,$FE,9.0,1.0,0.0,0.0,9.0,Unpredictable
123,$WYNN,8.0,0.8888888888888888,1.0,0.1111111111111111,9.0,Unpredictable
449,$CMG,6.0,0.6666666666666666,3.0,0.3333333333333333,9.0,Unpredictable
391,$250,4.0,0.4444444444444444,5.0,0.5555555555555556,9.0,Unpredictable
467,$M,4.0,0.4444444444444444,5.0,0.5555555555555556,9.0,Unpredictable
250,$FDX,8.0,1.0,0.0,0.0,8.0,Unpredictable
102,$CLSK,8.0,1.0,0.0,0.0,8.0,Unpredictable
579,$5,4.0,0.5,4.0,0.5,8.0,Unpredictable
141,$ERI,8.0,1.0,0.0,0.0,8.0,Unpredictable
759,$ADBE,8.0,1.0,0.0,0.0,8.0,Unpredictable
206,$1000,4.0,0.5,4.0,0.5,8.0,Unpredictable
336,$60,8.0,1.0,0.0,0.0,8.0,Unpredictable
241,$BYND,7.0,0.875,1.0,0.125,8.0,Unpredictable
133,$350,7.0,0.875,1.0,0.125,8.0,Unpredictable
72,$UAVS,8.0,1.0,0.0,0.0,8.0,Unpredictable
412,$321,6.0,0.75,2.0,0.25,8.0,Unpredictable
636,$HTBX,8.0,1.0,0.0,0.0,8.0,Unpredictable
462,$ES,8.0,1.0,0.0,0.0,8.0,Unpredictable
471,$SHIP,8.0,1.0,0.0,0.0,8.0,Unpredictable
57,$ND_F,7.0,0.875,1.0,0.125,8.0,Unpredictable
473,$40k,8.0,1.0,0.0,0.0,8.0,Unpredictable
406,$319,3.0,0.375,5.0,0.625,8.0,Unpredictable
279,$TOPS,8.0,1.0,0.0,0.0,8.0,Unpredictable
67,$REGN,8.0,1.0,0.0,0.0,8.0,Unpredictable
650,$UBER,3.0,0.375,5.0,0.625,8.0,Unpredictable
324,$500,6.0,0.8571428571428571,1.0,0.14285714285714285,7.0,Unpredictable
1233,$ABUS,7.0,1.0,0.0,0.0,7.0,Unpredictable
388,$BLK,6.0,0.8571428571428571,1.0,0.14285714285714285,7.0,Unpredictable
111,$BBBY,5.0,0.7142857142857143,2.0,0.2857142857142857,7.0,Unpredictable
337,$XBI,4.0,0.5714285714285714,3.0,0.42857142857142855,7.0,Unpredictable
783,$SSNLF,7.0,1.0,0.0,0.0,7.0,Unpredictable
734,$GENE,7.0,1.0,0.0,0.0,7.0,Unpredictable
420,$MS,7.0,1.0,0.0,0.0,7.0,Unpredictable
459,$NKE,3.0,0.42857142857142855,4.0,0.5714285714285714,7.0,Unpredictable
36,$DADA,7.0,1.0,0.0,0.0,7.0,Unpredictable
197,$20,4.0,0.5714285714285714,3.0,0.42857142857142855,7.0,Unpredictable
782,$DGLY,7.0,1.0,0.0,0.0,7.0,Unpredictable
73,$BGFV,7.0,1.0,0.0,0.0,7.0,Unpredictable
423,$STUDY,7.0,1.0,0.0,0.0,7.0,Unpredictable
61,$FMCI,7.0,1.0,0.0,0.0,7.0,Unpredictable
357,$ACB,7.0,1.0,0.0,0.0,7.0,Unpredictable
463,$WPX,7.0,1.0,0.0,0.0,7.0,Unpredictable
444,$65,5.0,0.7142857142857143,2.0,0.2857142857142857,7.0,Unpredictable
86,$PYPL,6.0,0.8571428571428571,1.0,0.14285714285714285,7.0,Unpredictable
439,$IBB,6.0,1.0,0.0,0.0,6.0,Unpredictable
362,$XOM,4.0,0.6666666666666666,2.0,0.3333333333333333,6.0,Unpredictable
45,$FED,6.0,1.0,0.0,0.0,6.0,Unpredictable
817,$SINT,6.0,1.0,0.0,0.0,6.0,Unpredictable
318,$285,2.0,0.3333333333333333,4.0,0.6666666666666666,6.0,Unpredictable
1043,$256,4.0,0.6666666666666666,2.0,0.3333333333333333,6.0,Unpredictable
606,$HTZ,5.0,0.8333333333333334,1.0,0.16666666666666666,6.0,Unpredictable
89,$KO,6.0,1.0,0.0,0.0,6.0,Unpredictable
325,$1500,3.0,0.5,3.0,0.5,6.0,Unpredictable
354,$MJ,6.0,1.0,0.0,0.0,6.0,Unpredictable
577,$HD,2.0,0.3333333333333333,4.0,0.6666666666666666,6.0,Unpredictable
762,$420,4.0,0.6666666666666666,2.0,0.3333333333333333,6.0,Unpredictable
516,$MO,5.0,0.8333333333333334,1.0,0.16666666666666666,6.0,Unpredictable
574,$TXN,3.0,0.5,3.0,0.5,6.0,Unpredictable
709,$TSM,5.0,0.8333333333333334,1.0,0.16666666666666666,6.0,Unpredictable
1019,$600,2.0,0.3333333333333333,4.0,0.6666666666666666,6.0,Unpredictable
637,$CEMI,5.0,0.8333333333333334,1.0,0.16666666666666666,6.0,Unpredictable
138,$JETS,5.0,0.8333333333333334,1.0,0.16666666666666666,6.0,Unpredictable
184,$SBUX,4.0,0.6666666666666666,2.0,0.3333333333333333,6.0,Unpredictable
145,$HOFV,6.0,1.0,0.0,0.0,6.0,Unpredictable
1000,$ZYNE,6.0,1.0,0.0,0.0,6.0,Unpredictable
628,$MVIS,6.0,1.0,0.0,0.0,6.0,Unpredictable
132,$COST,6.0,1.0,0.0,0.0,6.0,Unpredictable
976,$139.10,6.0,1.0,0.0,0.0,6.0,Unpredictable
622,$XLI,2.0,0.3333333333333333,4.0,0.6666666666666666,6.0,Unpredictable
1213,$VTI,1.0,0.16666666666666666,5.0,0.8333333333333334,6.0,Unpredictable
13,$DOGE.X,6.0,1.0,0.0,0.0,6.0,Unpredictable
647,$RIGL,4.0,0.6666666666666666,2.0,0.3333333333333333,6.0,Unpredictable
538,$55,2.0,0.3333333333333333,4.0,0.6666666666666666,6.0,Unpredictable
400,$QQQ.,1.0,0.16666666666666666,5.0,0.8333333333333334,6.0,Unpredictable
888,$NOVN,6.0,1.0,0.0,0.0,6.0,Unpredictable
268,$120,2.0,0.4,3.0,0.6,5.0,Unpredictable
21,$MDCA,5.0,1.0,0.0,0.0,5.0,Unpredictable
399,$ETH.X,4.0,0.8,1.0,0.2,5.0,Unpredictable
75,$40,4.0,0.8,1.0,0.2,5.0,Unpredictable
726,$57,5.0,1.0,0.0,0.0,5.0,Unpredictable
1491,$79000,0.0,0.0,5.0,1.0,5.0,Unpredictable
284,$0,3.0,0.6,2.0,0.4,5.0,Unpredictable
1197,$MIST,5.0,1.0,0.0,0.0,5.0,Unpredictable
248,$NUGT,4.0,0.8,1.0,0.2,5.0,Unpredictable
731,$1200,3.0,0.6,2.0,0.4,5.0,Unpredictable
76,$260,2.0,0.4,3.0,0.6,5.0,Unpredictable
361,$OSTK,5.0,1.0,0.0,0.0,5.0,Unpredictable
599,$EQ,5.0,1.0,0.0,0.0,5.0,Unpredictable
171,$UPWK,5.0,1.0,0.0,0.0,5.0,Unpredictable
509,$PLAY,2.0,0.4,3.0,0.6,5.0,Unpredictable
35,$AIM,5.0,1.0,0.0,0.0,5.0,Unpredictable
1016,$PCG,3.0,0.6,2.0,0.4,5.0,Unpredictable
183,$SOXX,5.0,1.0,0.0,0.0,5.0,Unpredictable
136,$380,4.0,0.8,1.0,0.2,5.0,Unpredictable
981,$12.05,5.0,1.0,0.0,0.0,5.0,Unpredictable
980,$18.10,5.0,1.0,0.0,0.0,5.0,Unpredictable
979,$17.40,5.0,1.0,0.0,0.0,5.0,Unpredictable
978,$15.99,5.0,1.0,0.0,0.0,5.0,Unpredictable
944,$LQD,5.0,1.0,0.0,0.0,5.0,Unpredictable
376,$CMA,5.0,1.0,0.0,0.0,5.0,Unpredictable
334,$WIMI,4.0,0.8,1.0,0.2,5.0,Unpredictable
210,$CVX,5.0,1.0,0.0,0.0,5.0,Unpredictable
451,$RUTX,5.0,1.0,0.0,0.0,5.0,Unpredictable
445,$150,5.0,1.0,0.0,0.0,5.0,Unpredictable
1048,$NAK,4.0,0.8,1.0,0.2,5.0,Unpredictable
218,$317,3.0,0.6,2.0,0.4,5.0,Unpredictable
154,$314,2.0,0.4,3.0,0.6,5.0,Unpredictable
795,$DELL,4.0,0.8,1.0,0.2,5.0,Unpredictable
114,$CMCSA,5.0,1.0,0.0,0.0,5.0,Unpredictable
500,$CRON,5.0,1.0,0.0,0.0,5.0,Unpredictable
1318,$305,0.0,0.0,5.0,1.0,5.0,Unpredictable
389,$17,4.0,0.8,1.0,0.2,5.0,Unpredictable
60,$COMPQ,1.0,0.2,4.0,0.8,5.0,Unpredictable
390,$DDS,5.0,1.0,0.0,0.0,5.0,Unpredictable
146,$VBIV,4.0,0.8,1.0,0.2,5.0,Unpredictable
505,$BABY,4.0,1.0,0.0,0.0,4.0,Unpredictable
506,$UFO,4.0,1.0,0.0,0.0,4.0,Unpredictable
504,$FAZ,4.0,1.0,0.0,0.0,4.0,Unpredictable
523,$312,2.0,0.5,2.0,0.5,4.0,Unpredictable
595,$RIOT,4.0,1.0,0.0,0.0,4.0,Unpredictable
341,$FCEL,3.0,0.75,1.0,0.25,4.0,Unpredictable
304,$6,3.0,0.75,1.0,0.25,4.0,Unpredictable
305,$GAN,4.0,1.0,0.0,0.0,4.0,Unpredictable
397,$NAT,4.0,1.0,0.0,0.0,4.0,Unpredictable
308,$ACST,4.0,1.0,0.0,0.0,4.0,Unpredictable
583,$ARKQ,4.0,1.0,0.0,0.0,4.0,Unpredictable
507,$ATH,4.0,1.0,0.0,0.0,4.0,Unpredictable
234,$320+,4.0,1.0,0.0,0.0,4.0,Unpredictable
658,$DBX,4.0,1.0,0.0,0.0,4.0,Unpredictable
1456,$EURUSD,0.0,0.0,4.0,1.0,4.0,Unpredictable
227,$PT,4.0,1.0,0.0,0.0,4.0,Unpredictable
796,$VMW,4.0,1.0,0.0,0.0,4.0,Unpredictable
221,$15000,3.0,0.75,1.0,0.25,4.0,Unpredictable
799,$118,3.0,0.75,1.0,0.25,4.0,Unpredictable
219,$TTOO,4.0,1.0,0.0,0.0,4.0,Unpredictable
821,$AG,3.0,0.75,1.0,0.25,4.0,Unpredictable
856,$6.80,3.0,0.75,1.0,0.25,4.0,Unpredictable
1011,$323.41,3.0,0.75,1.0,0.25,4.0,Unpredictable
1033,$1750,4.0,1.0,0.0,0.0,4.0,Unpredictable
1034,$1780,4.0,1.0,0.0,0.0,4.0,Unpredictable
172,$50,1.0,0.25,3.0,0.75,4.0,Unpredictable
1035,$1525,4.0,1.0,0.0,0.0,4.0,Unpredictable
1040,$269,4.0,1.0,0.0,0.0,4.0,Unpredictable
1041,$271.50,4.0,1.0,0.0,0.0,4.0,Unpredictable
1042,$274.35,4.0,1.0,0.0,0.0,4.0,Unpredictable
160,$FEYE,4.0,1.0,0.0,0.0,4.0,Unpredictable
1068,$NBEV,4.0,1.0,0.0,0.0,4.0,Unpredictable
1094,$KR,2.0,0.5,2.0,0.5,4.0,Unpredictable
144,$311,2.0,0.5,2.0,0.5,4.0,Unpredictable
143,$313,2.0,0.5,2.0,0.5,4.0,Unpredictable
137,$SPR,4.0,1.0,0.0,0.0,4.0,Unpredictable
1111,$AUPH,3.0,0.75,1.0,0.25,4.0,Unpredictable
1307,$270,0.0,0.0,4.0,1.0,4.0,Unpredictable
117,$WBA,4.0,1.0,0.0,0.0,4.0,Unpredictable
116,$3,2.0,0.5,2.0,0.5,4.0,Unpredictable
1240,$TSLAA,4.0,1.0,0.0,0.0,4.0,Unpredictable
96,$ABIO,4.0,1.0,0.0,0.0,4.0,Unpredictable
85,$T,4.0,1.0,0.0,0.0,4.0,Unpredictable
84,$CSCO,3.0,0.75,1.0,0.25,4.0,Unpredictable
1386,$90,0.0,0.0,4.0,1.0,4.0,Unpredictable
1032,$1720,4.0,1.0,0.0,0.0,4.0,Unpredictable
780,$12m,4.0,1.0,0.0,0.0,4.0,Unpredictable
742,$OAS,4.0,1.0,0.0,0.0,4.0,Unpredictable
673,$APPL,4.0,1.0,0.0,0.0,4.0,Unpredictable
684,$GOL,4.0,1.0,0.0,0.0,4.0,Unpredictable
685,$AZUL,4.0,1.0,0.0,0.0,4.0,Unpredictable
239,$NET,3.0,0.75,1.0,0.25,4.0,Unpredictable
728,$BTC,1.0,0.25,3.0,0.75,4.0,Unpredictable
257,$LULU,3.0,0.75,1.0,0.25,4.0,Unpredictable
411,$VSTM,4.0,1.0,0.0,0.0,4.0,Unpredictable
745,$LMT,3.0,0.75,1.0,0.25,4.0,Unpredictable
242,$325.,3.0,0.75,1.0,0.25,4.0,Unpredictable
854,$AMC,1.0,0.3333333333333333,2.0,0.6666666666666666,3.0,Unpredictable
1134,$46.21,3.0,1.0,0.0,0.0,3.0,Unpredictable
594,$LINK.X,3.0,1.0,0.0,0.0,3.0,Unpredictable
1137,$134.35,3.0,1.0,0.0,0.0,3.0,Unpredictable
686,$40K,3.0,1.0,0.0,0.0,3.0,Unpredictable
447,$NDAQ,3.0,1.0,0.0,0.0,3.0,Unpredictable
1135,$34.20,3.0,1.0,0.0,0.0,3.0,Unpredictable
1275,$APLE,2.0,0.6666666666666666,1.0,0.3333333333333333,3.0,Unpredictable
452,$FRAN,3.0,1.0,0.0,0.0,3.0,Unpredictable
1139,$125.14,3.0,1.0,0.0,0.0,3.0,Unpredictable
687,$2.9M,3.0,1.0,0.0,0.0,3.0,Unpredictable
1133,$44.30,3.0,1.0,0.0,0.0,3.0,Unpredictable
1132,$42.12,3.0,1.0,0.0,0.0,3.0,Unpredictable
1131,$38.50,3.0,1.0,0.0,0.0,3.0,Unpredictable
695,$326,3.0,1.0,0.0,0.0,3.0,Unpredictable
1106,$33.60,3.0,1.0,0.0,0.0,3.0,Unpredictable
1105,$41.50,3.0,1.0,0.0,0.0,3.0,Unpredictable
1138,$136.45,3.0,1.0,0.0,0.0,3.0,Unpredictable
1184,$35.01,3.0,1.0,0.0,0.0,3.0,Unpredictable
1104,$39.15,3.0,1.0,0.0,0.0,3.0,Unpredictable
1203,$175,3.0,1.0,0.0,0.0,3.0,Unpredictable
1209,$28.30,3.0,1.0,0.0,0.0,3.0,Unpredictable
1210,$20.35,3.0,1.0,0.0,0.0,3.0,Unpredictable
1208,$26.30,3.0,1.0,0.0,0.0,3.0,Unpredictable
1207,$25.25,3.0,1.0,0.0,0.0,3.0,Unpredictable
1206,$168.24,3.0,1.0,0.0,0.0,3.0,Unpredictable
1205,$179.20,3.0,1.0,0.0,0.0,3.0,Unpredictable
1204,$177,3.0,1.0,0.0,0.0,3.0,Unpredictable
1188,$31.44,3.0,1.0,0.0,0.0,3.0,Unpredictable
1185,$38,3.0,1.0,0.0,0.0,3.0,Unpredictable
652,$CARA,3.0,1.0,0.0,0.0,3.0,Unpredictable
665,$UPS,3.0,1.0,0.0,0.0,3.0,Unpredictable
1187,$43,3.0,1.0,0.0,0.0,3.0,Unpredictable
1186,$41,3.0,1.0,0.0,0.0,3.0,Unpredictable
792,$FAST,3.0,1.0,0.0,0.0,3.0,Unpredictable
425,$$$$$$,2.0,0.6666666666666666,1.0,0.3333333333333333,3.0,Unpredictable
427,$APTO,3.0,1.0,0.0,0.0,3.0,Unpredictable
699,$UNH,2.0,0.6666666666666666,1.0,0.3333333333333333,3.0,Unpredictable
703,$DJI,1.0,0.3333333333333333,2.0,0.6666666666666666,3.0,Unpredictable
1377,$130,0.0,0.0,3.0,1.0,3.0,Unpredictable
903,$8,2.0,0.6666666666666666,1.0,0.3333333333333333,3.0,Unpredictable
659,$IMV,3.0,1.0,0.0,0.0,3.0,Unpredictable
1026,$46,3.0,1.0,0.0,0.0,3.0,Unpredictable
603,$ECOR,3.0,1.0,0.0,0.0,3.0,Unpredictable
996,$MCD,2.0,0.6666666666666666,1.0,0.3333333333333333,3.0,Unpredictable
977,$135.40,3.0,1.0,0.0,0.0,3.0,Unpredictable
959,$280,1.0,0.3333333333333333,2.0,0.6666666666666666,3.0,Unpredictable
909,$DIA.,1.0,0.3333333333333333,2.0,0.6666666666666666,3.0,Unpredictable
890,$PPG,2.0,0.6666666666666666,1.0,0.3333333333333333,3.0,Unpredictable
627,$VISL,3.0,1.0,0.0,0.0,3.0,Unpredictable
887,$ERIC,1.0,0.3333333333333333,2.0,0.6666666666666666,3.0,Unpredictable
552,$XLV,3.0,1.0,0.0,0.0,3.0,Unpredictable
879,$14,2.0,0.6666666666666666,1.0,0.3333333333333333,3.0,Unpredictable
410,$70,2.0,0.6666666666666666,1.0,0.3333333333333333,3.0,Unpredictable
863,$20k,2.0,0.6666666666666666,1.0,0.3333333333333333,3.0,Unpredictable
860,$61,3.0,1.0,0.0,0.0,3.0,Unpredictable
570,$140,3.0,1.0,0.0,0.0,3.0,Unpredictable
741,$NXTD,3.0,1.0,0.0,0.0,3.0,Unpredictable
737,$TWLO,1.0,0.3333333333333333,2.0,0.6666666666666666,3.0,Unpredictable
735,$JRJC,3.0,1.0,0.0,0.0,3.0,Unpredictable
1371,$863,0.0,0.0,3.0,1.0,3.0,Unpredictable
468,$XTZ.X,3.0,1.0,0.0,0.0,3.0,Unpredictable
1102,$37,3.0,1.0,0.0,0.0,3.0,Unpredictable
597,$75,3.0,1.0,0.0,0.0,3.0,Unpredictable
717,$GLMD,3.0,1.0,0.0,0.0,3.0,Unpredictable
1046,$9.95,3.0,1.0,0.0,0.0,3.0,Unpredictable
1045,$9.25,3.0,1.0,0.0,0.0,3.0,Unpredictable
1044,$8.25,3.0,1.0,0.0,0.0,3.0,Unpredictable
497,$OGEN,3.0,1.0,0.0,0.0,3.0,Unpredictable
578,$330+,3.0,1.0,0.0,0.0,3.0,Unpredictable
732,$2000,2.0,0.6666666666666666,1.0,0.3333333333333333,3.0,Unpredictable
598,$ARKK,3.0,1.0,0.0,0.0,3.0,Unpredictable
613,$RDS.B,3.0,1.0,0.0,0.0,3.0,Unpredictable
1476,$JBHT,0.0,0.0,3.0,1.0,3.0,Unpredictable
1333,$295,0.0,0.0,3.0,1.0,3.0,Unpredictable
1335,$125,0.0,0.0,3.0,1.0,3.0,Unpredictable
712,$BA.,3.0,1.0,0.0,0.0,3.0,Unpredictable
787,$SWBI,2.0,0.6666666666666666,1.0,0.3333333333333333,3.0,Unpredictable
51,$APHA,2.0,0.6666666666666666,1.0,0.3333333333333333,3.0,Unpredictable
129,$JMIA,3.0,1.0,0.0,0.0,3.0,Unpredictable
119,$FDN,3.0,1.0,0.0,0.0,3.0,Unpredictable
256,$ATVI,3.0,1.0,0.0,0.0,3.0,Unpredictable
40,$DSS,3.0,1.0,0.0,0.0,3.0,Unpredictable
211,$316,2.0,0.6666666666666666,1.0,0.3333333333333333,3.0,Unpredictable
32,$APT,3.0,1.0,0.0,0.0,3.0,Unpredictable
208,$SPOT,3.0,1.0,0.0,0.0,3.0,Unpredictable
93,$INVH,3.0,1.0,0.0,0.0,3.0,Unpredictable
367,$FAS,3.0,1.0,0.0,0.0,3.0,Unpredictable
265,$NOW,2.0,0.6666666666666666,1.0,0.3333333333333333,3.0,Unpredictable
296,$308,1.0,0.3333333333333333,2.0,0.6666666666666666,3.0,Unpredictable
309,$PENN,1.0,0.3333333333333333,2.0,0.6666666666666666,3.0,Unpredictable
347,$475,3.0,1.0,0.0,0.0,3.0,Unpredictable
82,$MA,3.0,1.0,0.0,0.0,3.0,Unpredictable
203,$160,3.0,1.0,0.0,0.0,3.0,Unpredictable
350,$UUP,1.0,0.3333333333333333,2.0,0.6666666666666666,3.0,Unpredictable
355,$YOLO,3.0,1.0,0.0,0.0,3.0,Unpredictable
63,$IWN,2.0,0.6666666666666666,1.0,0.3333333333333333,3.0,Unpredictable
363,$SE,3.0,1.0,0.0,0.0,3.0,Unpredictable
70,$ùüèùüêùüéùüéùüé,3.0,1.0,0.0,0.0,3.0,Unpredictable
71,$ùüè.ùüêùêå,3.0,1.0,0.0,0.0,3.0,Unpredictable
243,$COMP,3.0,1.0,0.0,0.0,3.0,Unpredictable
159,$CLVS,3.0,1.0,0.0,0.0,3.0,Unpredictable
393,$TGT,3.0,1.0,0.0,0.0,3.0,Unpredictable
317,$274.30,3.0,1.0,0.0,0.0,3.0,Unpredictable
217,$SOXL,1.0,0.3333333333333333,2.0,0.6666666666666666,3.0,Unpredictable
403,$XRP.X,2.0,0.6666666666666666,1.0,0.3333333333333333,3.0,Unpredictable
39,$LACQ,3.0,1.0,0.0,0.0,3.0,Unpredictable
224,$BLU,3.0,1.0,0.0,0.0,3.0,Unpredictable
215,$ZN_F,3.0,1.0,0.0,0.0,3.0,Unpredictable
74,$SIX,3.0,1.0,0.0,0.0,3.0,Unpredictable
934,$CPCE,2.0,1.0,0.0,0.0,2.0,Unpredictable
635,$MNK,2.0,1.0,0.0,0.0,2.0,Unpredictable
955,$AYTU,2.0,1.0,0.0,0.0,2.0,Unpredictable
958,$225,2.0,1.0,0.0,0.0,2.0,Unpredictable
639,$XLP,2.0,1.0,0.0,0.0,2.0,Unpredictable
322,$PSV,2.0,1.0,0.0,0.0,2.0,Unpredictable
640,$1.38,1.0,0.5,1.0,0.5,2.0,Unpredictable
314,$34.67,2.0,1.0,0.0,0.0,2.0,Unpredictable
642,$3130,1.0,0.5,1.0,0.5,2.0,Unpredictable
1175,$131,2.0,1.0,0.0,0.0,2.0,Unpredictable
917,$XLU,2.0,1.0,0.0,0.0,2.0,Unpredictable
295,$308.,2.0,1.0,0.0,0.0,2.0,Unpredictable
648,$ELGX,2.0,1.0,0.0,0.0,2.0,Unpredictable
80,$PDD,2.0,1.0,0.0,0.0,2.0,Unpredictable
1393,$600/week,0.0,0.0,2.0,1.0,2.0,Unpredictable
1174,$126,2.0,1.0,0.0,0.0,2.0,Unpredictable
657,$PRPL,2.0,1.0,0.0,0.0,2.0,Unpredictable
1387,$JNK,0.0,0.0,2.0,1.0,2.0,Unpredictable
938,$339.,2.0,1.0,0.0,0.0,2.0,Unpredictable
78,$230,2.0,1.0,0.0,0.0,2.0,Unpredictable
326,$375,2.0,1.0,0.0,0.0,2.0,Unpredictable
664,$180,2.0,1.0,0.0,0.0,2.0,Unpredictable
77,$32,2.0,1.0,0.0,0.0,2.0,Unpredictable
1384,$100k,0.0,0.0,2.0,1.0,2.0,Unpredictable
195,$TME,2.0,1.0,0.0,0.0,2.0,Unpredictable
328,$10k,1.0,0.5,1.0,0.5,2.0,Unpredictable
575,$X,1.0,0.5,1.0,0.5,2.0,Unpredictable
921,$ISRG,1.0,0.5,1.0,0.5,2.0,Unpredictable
634,$RUN,2.0,1.0,0.0,0.0,2.0,Unpredictable
1420,$SPY...,0.0,0.0,2.0,1.0,2.0,Unpredictable
954,$339,2.0,1.0,0.0,0.0,2.0,Unpredictable
1178,$KOLD,1.0,0.5,1.0,0.5,2.0,Unpredictable
1179,$2980,2.0,1.0,0.0,0.0,2.0,Unpredictable
947,$DNR,2.0,1.0,0.0,0.0,2.0,Unpredictable
1180,$3090,2.0,1.0,0.0,0.0,2.0,Unpredictable
619,$RRR,2.0,1.0,0.0,0.0,2.0,Unpredictable
1181,$3120,2.0,1.0,0.0,0.0,2.0,Unpredictable
303,$1.4,2.0,1.0,0.0,0.0,2.0,Unpredictable
1182,$3180,2.0,1.0,0.0,0.0,2.0,Unpredictable
927,$CSX,2.0,1.0,0.0,0.0,2.0,Unpredictable
1183,$2905,2.0,1.0,0.0,0.0,2.0,Unpredictable
1383,,0.0,0.0,2.0,1.0,2.0,Unpredictable
625,$7.50,2.0,1.0,0.0,0.0,2.0,Unpredictable
101,$CLNE,2.0,1.0,0.0,0.0,2.0,Unpredictable
1176,$114.30,2.0,1.0,0.0,0.0,2.0,Unpredictable
1410,$319.,0.0,0.0,2.0,1.0,2.0,Unpredictable
629,$80.9,2.0,1.0,0.0,0.0,2.0,Unpredictable
593,$ALL,2.0,1.0,0.0,0.0,2.0,Unpredictable
590,$12,2.0,1.0,0.0,0.0,2.0,Unpredictable
611,$Z,2.0,1.0,0.0,0.0,2.0,Unpredictable
1441,$SQQQ.,0.0,0.0,2.0,1.0,2.0,Unpredictable
1409,$VXN,0.0,0.0,2.0,1.0,2.0,Unpredictable
923,$3k,2.0,1.0,0.0,0.0,2.0,Unpredictable
941,$IRBT,1.0,0.5,1.0,0.5,2.0,Unpredictable
633,$VNET,2.0,1.0,0.0,0.0,2.0,Unpredictable
953,$SPY:,1.0,0.5,1.0,0.5,2.0,Unpredictable
1428,$2.59,0.0,0.0,2.0,1.0,2.0,Unpredictable
1173,$121,2.0,1.0,0.0,0.0,2.0,Unpredictable
68,$750,1.0,0.5,1.0,0.5,2.0,Unpredictable
764,$ZOM,2.0,1.0,0.0,0.0,2.0,Unpredictable
1320,$RIG,0.0,0.0,2.0,1.0,2.0,Unpredictable
1247,$174,2.0,1.0,0.0,0.0,2.0,Unpredictable
748,$UDOW,2.0,1.0,0.0,0.0,2.0,Unpredictable
843,$333,2.0,1.0,0.0,0.0,2.0,Unpredictable
1249,$65.25,2.0,1.0,0.0,0.0,2.0,Unpredictable
1250,$66.30,2.0,1.0,0.0,0.0,2.0,Unpredictable
1251,$68.30,2.0,1.0,0.0,0.0,2.0,Unpredictable
1252,$59.35,2.0,1.0,0.0,0.0,2.0,Unpredictable
755,$LVS,1.0,0.5,1.0,0.5,2.0,Unpredictable
757,$1M,1.0,0.5,1.0,0.5,2.0,Unpredictable
1253,$264,2.0,1.0,0.0,0.0,2.0,Unpredictable
836,$PHAS,2.0,1.0,0.0,0.0,2.0,Unpredictable
1310,$314.,0.0,0.0,2.0,1.0,2.0,Unpredictable
833,$146,2.0,1.0,0.0,0.0,2.0,Unpredictable
1306,$71,0.0,0.0,2.0,1.0,2.0,Unpredictable
1378,$113,0.0,0.0,2.0,1.0,2.0,Unpredictable
766,$HEXO,2.0,1.0,0.0,0.0,2.0,Unpredictable
772,$IVR,1.0,0.5,1.0,0.5,2.0,Unpredictable
824,$DHI,2.0,1.0,0.0,0.0,2.0,Unpredictable
237,$FVRR,2.0,1.0,0.0,0.0,2.0,Unpredictable
1291,$SWIR,2.0,1.0,0.0,0.0,2.0,Unpredictable
784,$AEY,2.0,1.0,0.0,0.0,2.0,Unpredictable
785,$RGR,2.0,1.0,0.0,0.0,2.0,Unpredictable
786,$100+,2.0,1.0,0.0,0.0,2.0,Unpredictable
216,$ISR,2.0,1.0,0.0,0.0,2.0,Unpredictable
789,$200.,1.0,0.5,1.0,0.5,2.0,Unpredictable
808,$PSLV,2.0,1.0,0.0,0.0,2.0,Unpredictable
807,$TAL,2.0,1.0,0.0,0.0,2.0,Unpredictable
806,$ICVT,2.0,1.0,0.0,0.0,2.0,Unpredictable
805,$PAAS,2.0,1.0,0.0,0.0,2.0,Unpredictable
845,$3200,1.0,0.5,1.0,0.5,2.0,Unpredictable
847,$323.50,2.0,1.0,0.0,0.0,2.0,Unpredictable
848,$MARK,2.0,1.0,0.0,0.0,2.0,Unpredictable
247,$BHAT,2.0,1.0,0.0,0.0,2.0,Unpredictable
281,$27K,1.0,0.5,1.0,0.5,2.0,Unpredictable
896,$342,2.0,1.0,0.0,0.0,2.0,Unpredictable
676,$RSPI,2.0,1.0,0.0,0.0,2.0,Unpredictable
572,$QCOM,2.0,1.0,0.0,0.0,2.0,Unpredictable
679,$15,2.0,1.0,0.0,0.0,2.0,Unpredictable
680,$298,1.0,0.5,1.0,0.5,2.0,Unpredictable
682,$316.,1.0,0.5,1.0,0.5,2.0,Unpredictable
26,$GOLD,2.0,1.0,0.0,0.0,2.0,Unpredictable
891,$HHT,2.0,1.0,0.0,0.0,2.0,Unpredictable
889,$332,2.0,1.0,0.0,0.0,2.0,Unpredictable
1215,$5.06,2.0,1.0,0.0,0.0,2.0,Unpredictable
1362,$QQQM,0.0,0.0,2.0,1.0,2.0,Unpredictable
883,$VRNA,2.0,1.0,0.0,0.0,2.0,Unpredictable
880,$25,1.0,0.5,1.0,0.5,2.0,Unpredictable
698,$95,1.0,0.5,1.0,0.5,2.0,Unpredictable
877,$SMH,1.0,0.5,1.0,0.5,2.0,Unpredictable
873,$370,2.0,1.0,0.0,0.0,2.0,Unpredictable
266,$LYV,1.0,0.5,1.0,0.5,2.0,Unpredictable
710,$AA,2.0,1.0,0.0,0.0,2.0,Unpredictable
1229,$1.08,2.0,1.0,0.0,0.0,2.0,Unpredictable
1345,$AMZN.,0.0,0.0,2.0,1.0,2.0,Unpredictable
1232,$IAU,1.0,0.5,1.0,0.5,2.0,Unpredictable
862,$DVAX,1.0,0.5,1.0,0.5,2.0,Unpredictable
722,$20+,2.0,1.0,0.0,0.0,2.0,Unpredictable
730,$ZOOM,2.0,1.0,0.0,0.0,2.0,Unpredictable
258,$NFIN,2.0,1.0,0.0,0.0,2.0,Unpredictable
253,$5000,1.0,0.5,1.0,0.5,2.0,Unpredictable
849,$450,1.0,0.5,1.0,0.5,2.0,Unpredictable
740,$LK,1.0,0.5,1.0,0.5,2.0,Unpredictable
1451,$1700,0.0,0.0,2.0,1.0,2.0,Unpredictable
803,$16,1.0,0.5,1.0,0.5,2.0,Unpredictable
514,$TSLA.,2.0,1.0,0.0,0.0,2.0,Unpredictable
522,$2MM,2.0,1.0,0.0,0.0,2.0,Unpredictable
148,$ACHV,2.0,1.0,0.0,0.0,2.0,Unpredictable
1128,$248.25,2.0,1.0,0.0,0.0,2.0,Unpredictable
1129,$249.10,2.0,1.0,0.0,0.0,2.0,Unpredictable
1003,$FSLY,1.0,0.5,1.0,0.5,2.0,Unpredictable
1130,$235.40,2.0,1.0,0.0,0.0,2.0,Unpredictable
433,$ABBV,2.0,1.0,0.0,0.0,2.0,Unpredictable
128,$GRAF,2.0,1.0,0.0,0.0,2.0,Unpredictable
125,$XYF,2.0,1.0,0.0,0.0,2.0,Unpredictable
345,$1800,1.0,0.5,1.0,0.5,2.0,Unpredictable
999,$PRTY,1.0,0.5,1.0,0.5,2.0,Unpredictable
344,$GC_F,2.0,1.0,0.0,0.0,2.0,Unpredictable
1006,$UCO,1.0,0.5,1.0,0.5,2.0,Unpredictable
998,$NBL,2.0,1.0,0.0,0.0,2.0,Unpredictable
1114,$AQST,2.0,1.0,0.0,0.0,2.0,Unpredictable
16,$CRWD,2.0,1.0,0.0,0.0,2.0,Unpredictable
187,$O,2.0,1.0,0.0,0.0,2.0,Unpredictable
481,$NAAD,2.0,1.0,0.0,0.0,2.0,Unpredictable
995,$314.10,2.0,1.0,0.0,0.0,2.0,Unpredictable
1488,$MRNA.,0.0,0.0,2.0,1.0,2.0,Unpredictable
530,$400.,2.0,1.0,0.0,0.0,2.0,Unpredictable
531,$10.10,2.0,1.0,0.0,0.0,2.0,Unpredictable
994,$334.45,2.0,1.0,0.0,0.0,2.0,Unpredictable
511,$1.8ùôà,2.0,1.0,0.0,0.0,2.0,Unpredictable
1089,$MTP,2.0,1.0,0.0,0.0,2.0,Unpredictable
480,$MAGA,2.0,1.0,0.0,0.0,2.0,Unpredictable
502,$VUZI,1.0,0.5,1.0,0.5,2.0,Unpredictable
1120,$326.85,2.0,1.0,0.0,0.0,2.0,Unpredictable
381,$2k,2.0,1.0,0.0,0.0,2.0,Unpredictable
493,$MRVL,2.0,1.0,0.0,0.0,2.0,Unpredictable
1098,$525.65,2.0,1.0,0.0,0.0,2.0,Unpredictable
1097,$516.45,2.0,1.0,0.0,0.0,2.0,Unpredictable
1096,$510,2.0,1.0,0.0,0.0,2.0,Unpredictable
498,$OSMT,2.0,1.0,0.0,0.0,2.0,Unpredictable
1095,$1580,2.0,1.0,0.0,0.0,2.0,Unpredictable
1010,$TESLA,2.0,1.0,0.0,0.0,2.0,Unpredictable
1009,$323.,1.0,0.5,1.0,0.5,2.0,Unpredictable
380,$25.,2.0,1.0,0.0,0.0,2.0,Unpredictable
1555,$265,0.0,0.0,2.0,1.0,2.0,Unpredictable
1503,$299,0.0,0.0,2.0,1.0,2.0,Unpredictable
149,$JAGX,2.0,1.0,0.0,0.0,2.0,Unpredictable
1053,$ZTS,2.0,1.0,0.0,0.0,2.0,Unpredictable
178,$BAT.X,1.0,0.5,1.0,0.5,2.0,Unpredictable
352,$CJJD,2.0,1.0,0.0,0.0,2.0,Unpredictable
1127,$247.60,2.0,1.0,0.0,0.0,2.0,Unpredictable
349,$TNXP,2.0,1.0,0.0,0.0,2.0,Unpredictable
386,$MNCL,2.0,1.0,0.0,0.0,2.0,Unpredictable
485,$TAN,2.0,1.0,0.0,0.0,2.0,Unpredictable
1057,$NBY,2.0,1.0,0.0,0.0,2.0,Unpredictable
993,$329.20,2.0,1.0,0.0,0.0,2.0,Unpredictable
533,$SDOW,1.0,0.5,1.0,0.5,2.0,Unpredictable
536,$48.50,2.0,1.0,0.0,0.0,2.0,Unpredictable
1080,$3.,2.0,1.0,0.0,0.0,2.0,Unpredictable
375,$CNC,2.0,1.0,0.0,0.0,2.0,Unpredictable
1136,$129.10,2.0,1.0,0.0,0.0,2.0,Unpredictable
395,$OPGN,2.0,1.0,0.0,0.0,2.0,Unpredictable
422,$GRTS,2.0,1.0,0.0,0.0,2.0,Unpredictable
554,$ABEV,2.0,1.0,0.0,0.0,2.0,Unpredictable
555,$335,1.0,0.5,1.0,0.5,2.0,Unpredictable
401,$.14,1.0,0.5,1.0,0.5,2.0,Unpredictable
975,$138.25,2.0,1.0,0.0,0.0,2.0,Unpredictable
135,$GLBS,2.0,1.0,0.0,0.0,2.0,Unpredictable
974,$137.6,2.0,1.0,0.0,0.0,2.0,Unpredictable
1064,$GPRO,1.0,0.5,1.0,0.5,2.0,Unpredictable
366,$RTY_F,2.0,1.0,0.0,0.0,2.0,Unpredictable
971,$BIMI,2.0,1.0,0.0,0.0,2.0,Unpredictable
970,$SGBX,2.0,1.0,0.0,0.0,2.0,Unpredictable
134,$CTRM,2.0,1.0,0.0,0.0,2.0,Unpredictable
1070,$COKE,1.0,0.5,1.0,0.5,2.0,Unpredictable
1078,$39,2.0,1.0,0.0,0.0,2.0,Unpredictable
414,$CIT,2.0,1.0,0.0,0.0,2.0,Unpredictable
1072,$OMI,2.0,1.0,0.0,0.0,2.0,Unpredictable
1108,$AXP,2.0,1.0,0.0,0.0,2.0,Unpredictable
1028,$CHWY,2.0,1.0,0.0,0.0,2.0,Unpredictable
1039,$266,2.0,1.0,0.0,0.0,2.0,Unpredictable
177,$MGI,2.0,1.0,0.0,0.0,2.0,Unpredictable
983,$TNA,1.0,0.5,1.0,0.5,2.0,Unpredictable
109,$KTB,2.0,1.0,0.0,0.0,2.0,Unpredictable
162,$TICK,2.0,1.0,0.0,0.0,2.0,Unpredictable
1103,$38.25,2.0,1.0,0.0,0.0,2.0,Unpredictable
987,$PLUG,2.0,1.0,0.0,0.0,2.0,Unpredictable
986,$12.10,2.0,1.0,0.0,0.0,2.0,Unpredictable
458,$BUD,2.0,1.0,0.0,0.0,2.0,Unpredictable
1477,$NFLX.,0.0,0.0,2.0,1.0,2.0,Unpredictable
545,$312.77,1.0,0.5,1.0,0.5,2.0,Unpredictable
20,$$SPY,1.0,0.5,1.0,0.5,2.0,Unpredictable
1025,$55.15,2.0,1.0,0.0,0.0,2.0,Unpredictable
180,$GPS,2.0,1.0,0.0,0.0,2.0,Unpredictable
476,$BIOL,2.0,1.0,0.0,0.0,2.0,Unpredictable
378,$KBLB,2.0,1.0,0.0,0.0,2.0,Unpredictable
1536,$VIX.,0.0,0.0,2.0,1.0,2.0,Unpredictable
1562,$1.23,0.0,0.0,2.0,1.0,2.0,Unpredictable
1027,$36,2.0,1.0,0.0,0.0,2.0,Unpredictable
1099,$484.45,1.0,1.0,0.0,0.0,1.0,Unpredictable
1245,$37.90,1.0,1.0,0.0,0.0,1.0,Unpredictable
1239,$29,1.0,1.0,0.0,0.0,1.0,Unpredictable
1234,$CURE,1.0,1.0,0.0,0.0,1.0,Unpredictable
1235,$XPH,1.0,1.0,0.0,0.0,1.0,Unpredictable
1101,$325!,1.0,1.0,0.0,0.0,1.0,Unpredictable
139,$DFEN,1.0,1.0,0.0,0.0,1.0,Unpredictable
1238,$34,1.0,1.0,0.0,0.0,1.0,Unpredictable
1236,$30-$50,1.0,1.0,0.0,0.0,1.0,Unpredictable
1241,$138.10,1.0,1.0,0.0,0.0,1.0,Unpredictable
1237,$31.20,1.0,1.0,0.0,0.0,1.0,Unpredictable
1100,$MXC,1.0,1.0,0.0,0.0,1.0,Unpredictable
1243,$138.90,1.0,1.0,0.0,0.0,1.0,Unpredictable
1242,$138.50,1.0,1.0,0.0,0.0,1.0,Unpredictable
1244,$469,1.0,1.0,0.0,0.0,1.0,Unpredictable
1153,$SNR,1.0,1.0,0.0,0.0,1.0,Unpredictable
1246,$38.95,1.0,1.0,0.0,0.0,1.0,Unpredictable
1081,$CI,1.0,1.0,0.0,0.0,1.0,Unpredictable
1264,$267.60,1.0,1.0,0.0,0.0,1.0,Unpredictable
1265,$268.25,1.0,1.0,0.0,0.0,1.0,Unpredictable
1266,$269.10,1.0,1.0,0.0,0.0,1.0,Unpredictable
1267,$255.40,1.0,1.0,0.0,0.0,1.0,Unpredictable
1083,$GAIN,1.0,1.0,0.0,0.0,1.0,Unpredictable
1082,$46.,1.0,1.0,0.0,0.0,1.0,Unpredictable
1268,$1540,1.0,1.0,0.0,0.0,1.0,Unpredictable
1269,$76.69,1.0,1.0,0.0,0.0,1.0,Unpredictable
1263,$262,1.0,1.0,0.0,0.0,1.0,Unpredictable
1270,$79.25,1.0,1.0,0.0,0.0,1.0,Unpredictable
1271,$81.30,1.0,1.0,0.0,0.0,1.0,Unpredictable
1272,$83.30,1.0,1.0,0.0,0.0,1.0,Unpredictable
1273,$73.25,1.0,1.0,0.0,0.0,1.0,Unpredictable
1274,$TOLL,1.0,1.0,0.0,0.0,1.0,Unpredictable
1079,$NAKD,1.0,1.0,0.0,0.0,1.0,Unpredictable
1077,$EXC,1.0,1.0,0.0,0.0,1.0,Unpredictable
1084,$IWM!,1.0,1.0,0.0,0.0,1.0,Unpredictable
1262,$326.70,1.0,1.0,0.0,0.0,1.0,Unpredictable
1248,$239,1.0,1.0,0.0,0.0,1.0,Unpredictable
1107,$330!,1.0,1.0,0.0,0.0,1.0,Unpredictable
1093,$STG,1.0,1.0,0.0,0.0,1.0,Unpredictable
1092,$LRN,1.0,1.0,0.0,0.0,1.0,Unpredictable
1091,$157,1.0,1.0,0.0,0.0,1.0,Unpredictable
1090,$240k...,1.0,1.0,0.0,0.0,1.0,Unpredictable
1254,$6.05,1.0,1.0,0.0,0.0,1.0,Unpredictable
1255,$178,1.0,1.0,0.0,0.0,1.0,Unpredictable
1088,$GUSH,1.0,1.0,0.0,0.0,1.0,Unpredictable
1087,$500.,1.0,1.0,0.0,0.0,1.0,Unpredictable
1261,$322.50,1.0,1.0,0.0,0.0,1.0,Unpredictable
1086,$SDC,1.0,1.0,0.0,0.0,1.0,Unpredictable
1256,$183.55,1.0,1.0,0.0,0.0,1.0,Unpredictable
1257,$186.39,1.0,1.0,0.0,0.0,1.0,Unpredictable
1258,$189.20,1.0,1.0,0.0,0.0,1.0,Unpredictable
1259,$172,1.0,1.0,0.0,0.0,1.0,Unpredictable
1260,$MGEN,1.0,1.0,0.0,0.0,1.0,Unpredictable
1085,$IPIX,1.0,1.0,0.0,0.0,1.0,Unpredictable
42,$3186.,1.0,1.0,0.0,0.0,1.0,Unpredictable
1115,$CERC,1.0,1.0,0.0,0.0,1.0,Unpredictable
1231,$8.92,1.0,1.0,0.0,0.0,1.0,Unpredictable
1140,$FTXO,1.0,1.0,0.0,0.0,1.0,Unpredictable
1167,$431.60,1.0,1.0,0.0,0.0,1.0,Unpredictable
1142,$USFR,1.0,1.0,0.0,0.0,1.0,Unpredictable
1168,$401.30,1.0,1.0,0.0,0.0,1.0,Unpredictable
1169,$12.95,1.0,1.0,0.0,0.0,1.0,Unpredictable
1170,$13.40,1.0,1.0,0.0,0.0,1.0,Unpredictable
1171,$14.01,1.0,1.0,0.0,0.0,1.0,Unpredictable
1141,$17.87.,1.0,1.0,0.0,0.0,1.0,Unpredictable
1172,$11.01,1.0,1.0,0.0,0.0,1.0,Unpredictable
1276,$CLX,1.0,1.0,0.0,0.0,1.0,Unpredictable
1166,$425.20,1.0,1.0,0.0,0.0,1.0,Unpredictable
103,$QD,1.0,1.0,0.0,0.0,1.0,Unpredictable
1177,$RDS.A,1.0,1.0,0.0,0.0,1.0,Unpredictable
106,$AEZS,1.0,1.0,0.0,0.0,1.0,Unpredictable
121,$320C,1.0,1.0,0.0,0.0,1.0,Unpredictable
100,$1400/share....,1.0,1.0,0.0,0.0,1.0,Unpredictable
124,$60PT,1.0,1.0,0.0,0.0,1.0,Unpredictable
88,$MRK,1.0,1.0,0.0,0.0,1.0,Unpredictable
1189,$90.01,1.0,1.0,0.0,0.0,1.0,Unpredictable
1143,$25.11.,1.0,1.0,0.0,0.0,1.0,Unpredictable
1144,$GOCO,1.0,1.0,0.0,0.0,1.0,Unpredictable
1191,$96,1.0,1.0,0.0,0.0,1.0,Unpredictable
1149,$BDN,1.0,1.0,0.0,0.0,1.0,Unpredictable
1155,$MDLY,1.0,1.0,0.0,0.0,1.0,Unpredictable
1156,$ANF,1.0,1.0,0.0,0.0,1.0,Unpredictable
1157,$167.34,1.0,1.0,0.0,0.0,1.0,Unpredictable
1152,$318.10,1.0,1.0,0.0,0.0,1.0,Unpredictable
1158,$168.37,1.0,1.0,0.0,0.0,1.0,Unpredictable
1151,$CRM,1.0,1.0,0.0,0.0,1.0,Unpredictable
1150,$ZSAN,1.0,1.0,0.0,0.0,1.0,Unpredictable
1159,$169.87,1.0,1.0,0.0,0.0,1.0,Unpredictable
1148,$EDTK,1.0,1.0,0.0,0.0,1.0,Unpredictable
1145,$IMMP,1.0,1.0,0.0,0.0,1.0,Unpredictable
1160,$171.42,1.0,1.0,0.0,0.0,1.0,Unpredictable
1161,$163.45,1.0,1.0,0.0,0.0,1.0,Unpredictable
1147,$GRUB,1.0,1.0,0.0,0.0,1.0,Unpredictable
1146,$$3.5+,1.0,1.0,0.0,0.0,1.0,Unpredictable
1162,$QQEW,1.0,1.0,0.0,0.0,1.0,Unpredictable
1163,$BRBR,1.0,1.0,0.0,0.0,1.0,Unpredictable
1164,$405,1.0,1.0,0.0,0.0,1.0,Unpredictable
1165,$419.15,1.0,1.0,0.0,0.0,1.0,Unpredictable
1190,$94,1.0,1.0,0.0,0.0,1.0,Unpredictable
1192,$97,1.0,1.0,0.0,0.0,1.0,Unpredictable
1230,$35/45,1.0,1.0,0.0,0.0,1.0,Unpredictable
1223,$),1.0,1.0,0.0,0.0,1.0,Unpredictable
1214,$5.25,1.0,1.0,0.0,0.0,1.0,Unpredictable
1216,$AAPLL,1.0,1.0,0.0,0.0,1.0,Unpredictable
1217,$392,1.0,1.0,0.0,0.0,1.0,Unpredictable
1218,$394.45,1.0,1.0,0.0,0.0,1.0,Unpredictable
1219,$396.65,1.0,1.0,0.0,0.0,1.0,Unpredictable
1220,$382.51,1.0,1.0,0.0,0.0,1.0,Unpredictable
1221,"""$SPYs""",1.0,1.0,0.0,0.0,1.0,Unpredictable
1222,$150k,1.0,1.0,0.0,0.0,1.0,Unpredictable
1224,$VRSN,1.0,1.0,0.0,0.0,1.0,Unpredictable
1116,$KWEB,1.0,1.0,0.0,0.0,1.0,Unpredictable
1225,$6k,1.0,1.0,0.0,0.0,1.0,Unpredictable
1113,$296K,1.0,1.0,0.0,0.0,1.0,Unpredictable
1226,$26k,1.0,1.0,0.0,0.0,1.0,Unpredictable
1227,$365,1.0,1.0,0.0,0.0,1.0,Unpredictable
1228,$MAT,1.0,1.0,0.0,0.0,1.0,Unpredictable
130,$10+,1.0,1.0,0.0,0.0,1.0,Unpredictable
1110,$2-3,1.0,1.0,0.0,0.0,1.0,Unpredictable
1109,$205+,1.0,1.0,0.0,0.0,1.0,Unpredictable
1154,$ABBV.,1.0,1.0,0.0,0.0,1.0,Unpredictable
47,$83,1.0,1.0,0.0,0.0,1.0,Unpredictable
1193,$87.51,1.0,1.0,0.0,0.0,1.0,Unpredictable
1126,$241,1.0,1.0,0.0,0.0,1.0,Unpredictable
1194,$GNPX,1.0,1.0,0.0,0.0,1.0,Unpredictable
1195,$TECL,1.0,1.0,0.0,0.0,1.0,Unpredictable
1196,$LOGI,1.0,1.0,0.0,0.0,1.0,Unpredictable
1198,"""$7s""",1.0,1.0,0.0,0.0,1.0,Unpredictable
1199,$299...,1.0,1.0,0.0,0.0,1.0,Unpredictable
1200,$QQQ!!!!,1.0,1.0,0.0,0.0,1.0,Unpredictable
1201,$324!!!,1.0,1.0,0.0,0.0,1.0,Unpredictable
1202,$173,1.0,1.0,0.0,0.0,1.0,Unpredictable
1125,$SPY.....,1.0,1.0,0.0,0.0,1.0,Unpredictable
1212,$UALL,1.0,1.0,0.0,0.0,1.0,Unpredictable
1124,$320.05!!!,1.0,1.0,0.0,0.0,1.0,Unpredictable
1123,$320.13,1.0,1.0,0.0,0.0,1.0,Unpredictable
1122,$325.44,1.0,1.0,0.0,0.0,1.0,Unpredictable
1121,$326.92,1.0,1.0,0.0,0.0,1.0,Unpredictable
1119,$66.49.,1.0,1.0,0.0,0.0,1.0,Unpredictable
1118,$DFJ,1.0,1.0,0.0,0.0,1.0,Unpredictable
1211,$327+,1.0,1.0,0.0,0.0,1.0,Unpredictable
1117,$66.23,1.0,1.0,0.0,0.0,1.0,Unpredictable
409,$LOW,1.0,1.0,0.0,0.0,1.0,Unpredictable
1324,$DOCU,0.0,0.0,1.0,1.0,1.0,Unpredictable
1277,$226,1.0,1.0,0.0,0.0,1.0,Unpredictable
1483,$1.28!,0.0,0.0,1.0,1.0,1.0,Unpredictable
1467,$INMD,0.0,0.0,1.0,1.0,1.0,Unpredictable
1468,$1050.,0.0,0.0,1.0,1.0,1.0,Unpredictable
1469,$317.,0.0,0.0,1.0,1.0,1.0,Unpredictable
1470,$300000,0.0,0.0,1.0,1.0,1.0,Unpredictable
1471,$KMD,0.0,0.0,1.0,1.0,1.0,Unpredictable
1472,$320.77,0.0,0.0,1.0,1.0,1.0,Unpredictable
1473,$290,0.0,0.0,1.0,1.0,1.0,Unpredictable
1474,$220?What,0.0,0.0,1.0,1.0,1.0,Unpredictable
1475,$UGA,0.0,0.0,1.0,1.0,1.0,Unpredictable
1478,$297K,0.0,0.0,1.0,1.0,1.0,Unpredictable
1479,$270-$290,0.0,0.0,1.0,1.0,1.0,Unpredictable
1480,$REML,0.0,0.0,1.0,1.0,1.0,Unpredictable
1481,$3230,0.0,0.0,1.0,1.0,1.0,Unpredictable
1482,$21,0.0,0.0,1.0,1.0,1.0,Unpredictable
1484,$TWLO.,0.0,0.0,1.0,1.0,1.0,Unpredictable
1465,$$$7,0.0,0.0,1.0,1.0,1.0,Unpredictable
1485,$800,0.0,0.0,1.0,1.0,1.0,Unpredictable
1486,$NKLA...that,0.0,0.0,1.0,1.0,1.0,Unpredictable
1487,$0.Bloody,0.0,0.0,1.0,1.0,1.0,Unpredictable
1489,$960,0.0,0.0,1.0,1.0,1.0,Unpredictable
1490,$650ISH.,0.0,0.0,1.0,1.0,1.0,Unpredictable
1492,$DB,0.0,0.0,1.0,1.0,1.0,Unpredictable
1493,$FVAC,0.0,0.0,1.0,1.0,1.0,Unpredictable
1494,$536,0.0,0.0,1.0,1.0,1.0,Unpredictable
1495,$286?,0.0,0.0,1.0,1.0,1.0,Unpredictable
1496,$174000?,0.0,0.0,1.0,1.0,1.0,Unpredictable
1497,$174000.,0.0,0.0,1.0,1.0,1.0,Unpredictable
1498,$5000.,0.0,0.0,1.0,1.0,1.0,Unpredictable
1499,$1.00,0.0,0.0,1.0,1.0,1.0,Unpredictable
1500,$FORD,0.0,0.0,1.0,1.0,1.0,Unpredictable
1466,$CUTR,0.0,0.0,1.0,1.0,1.0,Unpredictable
1464,$SNBR,0.0,0.0,1.0,1.0,1.0,Unpredictable
1502,$100s.üìâ,0.0,0.0,1.0,1.0,1.0,Unpredictable
1446,$300...,0.0,0.0,1.0,1.0,1.0,Unpredictable
1431,$2.4,0.0,0.0,1.0,1.0,1.0,Unpredictable
1432,$176m,0.0,0.0,1.0,1.0,1.0,Unpredictable
1433,$4.2bn,0.0,0.0,1.0,1.0,1.0,Unpredictable
1434,$310.5,0.0,0.0,1.0,1.0,1.0,Unpredictable
1435,$312!,0.0,0.0,1.0,1.0,1.0,Unpredictable
1436,$5k,0.0,0.0,1.0,1.0,1.0,Unpredictable
1437,$316.70...,0.0,0.0,1.0,1.0,1.0,Unpredictable
1438,$3150,0.0,0.0,1.0,1.0,1.0,Unpredictable
1439,$400+,0.0,0.0,1.0,1.0,1.0,Unpredictable
1440,"""$310s""",0.0,0.0,1.0,1.0,1.0,Unpredictable
1442,$320000,0.0,0.0,1.0,1.0,1.0,Unpredictable
1443,$VIXY,0.0,0.0,1.0,1.0,1.0,Unpredictable
1444,$305.,0.0,0.0,1.0,1.0,1.0,Unpredictable
1445,$KBE,0.0,0.0,1.0,1.0,1.0,Unpredictable
1447,$2500,0.0,0.0,1.0,1.0,1.0,Unpredictable
1463,$2.5k?,0.0,0.0,1.0,1.0,1.0,Unpredictable
1448,$ETH,0.0,0.0,1.0,1.0,1.0,Unpredictable
1449,$$$QQQ,0.0,0.0,1.0,1.0,1.0,Unpredictable
1450,$EEM,0.0,0.0,1.0,1.0,1.0,Unpredictable
1452,$320.9,0.0,0.0,1.0,1.0,1.0,Unpredictable
1453,$166,0.0,0.0,1.0,1.0,1.0,Unpredictable
1454,$SPY...those,0.0,0.0,1.0,1.0,1.0,Unpredictable
1455,$224m,0.0,0.0,1.0,1.0,1.0,Unpredictable
22,$4.25/share,1.0,1.0,0.0,0.0,1.0,Unpredictable
1457,$IWM..,0.0,0.0,1.0,1.0,1.0,Unpredictable
1458,$7...,0.0,0.0,1.0,1.0,1.0,Unpredictable
1459,$13....,0.0,0.0,1.0,1.0,1.0,Unpredictable
1460,$$AND,0.0,0.0,1.0,1.0,1.0,Unpredictable
1461,$318.70,0.0,0.0,1.0,1.0,1.0,Unpredictable
1462,$TNX,0.0,0.0,1.0,1.0,1.0,Unpredictable
1501,$115,0.0,0.0,1.0,1.0,1.0,Unpredictable
1504,$3000.,0.0,0.0,1.0,1.0,1.0,Unpredictable
1278,$231,1.0,1.0,0.0,0.0,1.0,Unpredictable
1556,$$$$$,0.0,0.0,1.0,1.0,1.0,Unpredictable
1541,$COF,0.0,0.0,1.0,1.0,1.0,Unpredictable
1542,$DIS.,0.0,0.0,1.0,1.0,1.0,Unpredictable
1543,$1855.40...over,0.0,0.0,1.0,1.0,1.0,Unpredictable
1544,$ENPH,0.0,0.0,1.0,1.0,1.0,Unpredictable
1545,$1600/share,0.0,0.0,1.0,1.0,1.0,Unpredictable
1546,$1200.,0.0,0.0,1.0,1.0,1.0,Unpredictable
1547,$255,0.0,0.0,1.0,1.0,1.0,Unpredictable
1548,$6.82-7.45,0.0,0.0,1.0,1.0,1.0,Unpredictable
1549,$12+,0.0,0.0,1.0,1.0,1.0,Unpredictable
1550,$324.,0.0,0.0,1.0,1.0,1.0,Unpredictable
1551,$BKX,0.0,0.0,1.0,1.0,1.0,Unpredictable
1552,$3450,0.0,0.0,1.0,1.0,1.0,Unpredictable
1553,$322-$323.,0.0,0.0,1.0,1.0,1.0,Unpredictable
1554,$DXY.,0.0,0.0,1.0,1.0,1.0,Unpredictable
1557,$308!,0.0,0.0,1.0,1.0,1.0,Unpredictable
1539,$USS_F,0.0,0.0,1.0,1.0,1.0,Unpredictable
1558,$?,0.0,0.0,1.0,1.0,1.0,Unpredictable
1559,$323.60,0.0,0.0,1.0,1.0,1.0,Unpredictable
1560,$323.45,0.0,0.0,1.0,1.0,1.0,Unpredictable
1561,$IXIC,0.0,0.0,1.0,1.0,1.0,Unpredictable
1563,$8.77,0.0,0.0,1.0,1.0,1.0,Unpredictable
1564,$$$S,0.0,0.0,1.0,1.0,1.0,Unpredictable
1565,$FBGRX,0.0,0.0,1.0,1.0,1.0,Unpredictable
1566,$OMI.,0.0,0.0,1.0,1.0,1.0,Unpredictable
1567,$3000,0.0,0.0,1.0,1.0,1.0,Unpredictable
1568,$UVXY$BA,0.0,0.0,1.0,1.0,1.0,Unpredictable
1569,$HA,0.0,0.0,1.0,1.0,1.0,Unpredictable
1570,$236.,0.0,0.0,1.0,1.0,1.0,Unpredictable
1571,$.30,0.0,0.0,1.0,1.0,1.0,Unpredictable
1572,$30!!,0.0,0.0,1.0,1.0,1.0,Unpredictable
1540,$GLTR,0.0,0.0,1.0,1.0,1.0,Unpredictable
1538,$WDC,0.0,0.0,1.0,1.0,1.0,Unpredictable
1505,$YM_F,0.0,0.0,1.0,1.0,1.0,Unpredictable
1520,$323.04,0.0,0.0,1.0,1.0,1.0,Unpredictable
1506,$APDN,0.0,0.0,1.0,1.0,1.0,Unpredictable
1507,$ALGO.X,0.0,0.0,1.0,1.0,1.0,Unpredictable
1508,$319.80,0.0,0.0,1.0,1.0,1.0,Unpredictable
1509,$312.85.,0.0,0.0,1.0,1.0,1.0,Unpredictable
1510,$311.80.,0.0,0.0,1.0,1.0,1.0,Unpredictable
1511,$19,0.0,0.0,1.0,1.0,1.0,Unpredictable
1512,$XLF.,0.0,0.0,1.0,1.0,1.0,Unpredictable
1513,$es_f,0.0,0.0,1.0,1.0,1.0,Unpredictable
1514,$6.50üßêüìä,0.0,0.0,1.0,1.0,1.0,Unpredictable
1515,$345,0.0,0.0,1.0,1.0,1.0,Unpredictable
1516,$ZQQ.CA,0.0,0.0,1.0,1.0,1.0,Unpredictable
1517,$SPY.....Market,0.0,0.0,1.0,1.0,1.0,Unpredictable
1518,$$$$$$$$$$$$$$$$$$$$$$$$$,0.0,0.0,1.0,1.0,1.0,Unpredictable
1519,$RSP,0.0,0.0,1.0,1.0,1.0,Unpredictable
1521,$323.03,0.0,0.0,1.0,1.0,1.0,Unpredictable
1537,$325.50,0.0,0.0,1.0,1.0,1.0,Unpredictable
1522,$322.77,0.0,0.0,1.0,1.0,1.0,Unpredictable
1523,$299.,0.0,0.0,1.0,1.0,1.0,Unpredictable
1524,$1660,0.0,0.0,1.0,1.0,1.0,Unpredictable
1525,$0.,0.0,0.0,1.0,1.0,1.0,Unpredictable
1526,$NIO.,0.0,0.0,1.0,1.0,1.0,Unpredictable
1527,$NKLA.,0.0,0.0,1.0,1.0,1.0,Unpredictable
1528,$330.00.,0.0,0.0,1.0,1.0,1.0,Unpredictable
1529,$DEAD,0.0,0.0,1.0,1.0,1.0,Unpredictable
1530,$1/hour,0.0,0.0,1.0,1.0,1.0,Unpredictable
1531,$87000,0.0,0.0,1.0,1.0,1.0,Unpredictable
1532,$26.50,0.0,0.0,1.0,1.0,1.0,Unpredictable
1533,$SOX,0.0,0.0,1.0,1.0,1.0,Unpredictable
1534,$SOXS,0.0,0.0,1.0,1.0,1.0,Unpredictable
1535,$$$$&,0.0,0.0,1.0,1.0,1.0,Unpredictable
1430,$8.9,0.0,0.0,1.0,1.0,1.0,Unpredictable
1429,$4.7,0.0,0.0,1.0,1.0,1.0,Unpredictable
1427,$DIAM.CA,0.0,0.0,1.0,1.0,1.0,Unpredictable
1331,$218,0.0,0.0,1.0,1.0,1.0,Unpredictable
1316,$314ISH,0.0,0.0,1.0,1.0,1.0,Unpredictable
1317,$270s,0.0,0.0,1.0,1.0,1.0,Unpredictable
33,$WATT,1.0,1.0,0.0,0.0,1.0,Unpredictable
1319,$315.,0.0,0.0,1.0,1.0,1.0,Unpredictable
1321,$310P,0.0,0.0,1.0,1.0,1.0,Unpredictable
1322,$1.5,0.0,0.0,1.0,1.0,1.0,Unpredictable
1323,$BPCOMPQ,0.0,0.0,1.0,1.0,1.0,Unpredictable
1075,$70B,1.0,1.0,0.0,0.0,1.0,Unpredictable
1325,$SVNW,0.0,0.0,1.0,1.0,1.0,Unpredictable
1326,$DPST,0.0,0.0,1.0,1.0,1.0,Unpredictable
1327,$600.,0.0,0.0,1.0,1.0,1.0,Unpredictable
1328,$307.,0.0,0.0,1.0,1.0,1.0,Unpredictable
1329,$DWT,0.0,0.0,1.0,1.0,1.0,Unpredictable
1330,$CL_F,0.0,0.0,1.0,1.0,1.0,Unpredictable
1332,$CNXT,0.0,0.0,1.0,1.0,1.0,Unpredictable
1314,$314s.,0.0,0.0,1.0,1.0,1.0,Unpredictable
1334,$BKNG,0.0,0.0,1.0,1.0,1.0,Unpredictable
28,$DOW,1.0,1.0,0.0,0.0,1.0,Unpredictable
1336,$2.40,0.0,0.0,1.0,1.0,1.0,Unpredictable
1337,$TDOC,0.0,0.0,1.0,1.0,1.0,Unpredictable
1338,$HIBS,0.0,0.0,1.0,1.0,1.0,Unpredictable
1339,$1k,0.0,0.0,1.0,1.0,1.0,Unpredictable
1340,$28B,0.0,0.0,1.0,1.0,1.0,Unpredictable
1341,$7B.,0.0,0.0,1.0,1.0,1.0,Unpredictable
1342,$35B,0.0,0.0,1.0,1.0,1.0,Unpredictable
1343,$280m,0.0,0.0,1.0,1.0,1.0,Unpredictable
1344,$BYD,0.0,0.0,1.0,1.0,1.0,Unpredictable
1346,$145,0.0,0.0,1.0,1.0,1.0,Unpredictable
1347,$110,0.0,0.0,1.0,1.0,1.0,Unpredictable
1348,$OIL,0.0,0.0,1.0,1.0,1.0,Unpredictable
1315,$1.55,0.0,0.0,1.0,1.0,1.0,Unpredictable
1313,$UNG,0.0,0.0,1.0,1.0,1.0,Unpredictable
1426,$251,0.0,0.0,1.0,1.0,1.0,Unpredictable
1294,$28,1.0,1.0,0.0,0.0,1.0,Unpredictable
1279,$234,1.0,1.0,0.0,0.0,1.0,Unpredictable
1280,$237,1.0,1.0,0.0,0.0,1.0,Unpredictable
1281,$213.45,1.0,1.0,0.0,0.0,1.0,Unpredictable
1282,$64,1.0,1.0,0.0,0.0,1.0,Unpredictable
1283,$68,1.0,1.0,0.0,0.0,1.0,Unpredictable
1284,$SPLK,1.0,1.0,0.0,0.0,1.0,Unpredictable
1285,$201.61,1.0,1.0,0.0,0.0,1.0,Unpredictable
1286,$208.75,1.0,1.0,0.0,0.0,1.0,Unpredictable
1287,$211.12,1.0,1.0,0.0,0.0,1.0,Unpredictable
1288,$214.70,1.0,1.0,0.0,0.0,1.0,Unpredictable
1289,$198.58,1.0,1.0,0.0,0.0,1.0,Unpredictable
1290,$64.10,1.0,1.0,0.0,0.0,1.0,Unpredictable
1292,$120+,1.0,1.0,0.0,0.0,1.0,Unpredictable
1293,$HOME,1.0,1.0,0.0,0.0,1.0,Unpredictable
1295,$28.01,1.0,1.0,0.0,0.0,1.0,Unpredictable
1312,$EWZ),0.0,0.0,1.0,1.0,1.0,Unpredictable
1296,$352,1.0,1.0,0.0,0.0,1.0,Unpredictable
1297,$$..,1.0,1.0,0.0,0.0,1.0,Unpredictable
1298,$7.99/month,0.0,0.0,1.0,1.0,1.0,Unpredictable
1299,$314.50-$315,0.0,0.0,1.0,1.0,1.0,Unpredictable
1300,$314.50,0.0,0.0,1.0,1.0,1.0,Unpredictable
1301,$302,0.0,0.0,1.0,1.0,1.0,Unpredictable
1302,$QQQS,0.0,0.0,1.0,1.0,1.0,Unpredictable
1303,$MSFT.,0.0,0.0,1.0,1.0,1.0,Unpredictable
1304,$IIPR,0.0,0.0,1.0,1.0,1.0,Unpredictable
1305,$VZ,0.0,0.0,1.0,1.0,1.0,Unpredictable
38,$HELE,1.0,1.0,0.0,0.0,1.0,Unpredictable
1308,$311.,0.0,0.0,1.0,1.0,1.0,Unpredictable
1309,$5.50,0.0,0.0,1.0,1.0,1.0,Unpredictable
1311,$BZQ,0.0,0.0,1.0,1.0,1.0,Unpredictable
1349,$OILD,0.0,0.0,1.0,1.0,1.0,Unpredictable
1350,$305-$309.,0.0,0.0,1.0,1.0,1.0,Unpredictable
1351,$TZA,0.0,0.0,1.0,1.0,1.0,Unpredictable
1407,$321.10,0.0,0.0,1.0,1.0,1.0,Unpredictable
1392,$2.25T,0.0,0.0,1.0,1.0,1.0,Unpredictable
1394,$.,0.0,0.0,1.0,1.0,1.0,Unpredictable
1395,$128000,0.0,0.0,1.0,1.0,1.0,Unpredictable
1396,$37-39,0.0,0.0,1.0,1.0,1.0,Unpredictable
1397,$ETSY,0.0,0.0,1.0,1.0,1.0,Unpredictable
1398,$$SPXL,0.0,0.0,1.0,1.0,1.0,Unpredictable
1399,$ASPL,0.0,0.0,1.0,1.0,1.0,Unpredictable
1400,$227.5,0.0,0.0,1.0,1.0,1.0,Unpredictable
1401,$TM,0.0,0.0,1.0,1.0,1.0,Unpredictable
1402,$QQQ...Any,0.0,0.0,1.0,1.0,1.0,Unpredictable
1403,$FTSE,0.0,0.0,1.0,1.0,1.0,Unpredictable
1404,$98000,0.0,0.0,1.0,1.0,1.0,Unpredictable
1405,$PSQ,0.0,0.0,1.0,1.0,1.0,Unpredictable
1406,$1.45,0.0,0.0,1.0,1.0,1.0,Unpredictable
1408,$3T.,0.0,0.0,1.0,1.0,1.0,Unpredictable
1352,$298.59,0.0,0.0,1.0,1.0,1.0,Unpredictable
1411,$1.50,0.0,0.0,1.0,1.0,1.0,Unpredictable
1412,$NQ1!,0.0,0.0,1.0,1.0,1.0,Unpredictable
1413,$3T,0.0,0.0,1.0,1.0,1.0,Unpredictable
1414,$4.21?,0.0,0.0,1.0,1.0,1.0,Unpredictable
1415,$.89,0.0,0.0,1.0,1.0,1.0,Unpredictable
1416,$3233.13,0.0,0.0,1.0,1.0,1.0,Unpredictable
1417,"""$322s""",0.0,0.0,1.0,1.0,1.0,Unpredictable
1418,$12-14,0.0,0.0,1.0,1.0,1.0,Unpredictable
1419,"""$1700s""",0.0,0.0,1.0,1.0,1.0,Unpredictable
1421,$FSKR,0.0,0.0,1.0,1.0,1.0,Unpredictable
1422,$395,0.0,0.0,1.0,1.0,1.0,Unpredictable
1423,$1675,0.0,0.0,1.0,1.0,1.0,Unpredictable
1424,$317.60,0.0,0.0,1.0,1.0,1.0,Unpredictable
1425,$30.,0.0,0.0,1.0,1.0,1.0,Unpredictable
1391,$80B,0.0,0.0,1.0,1.0,1.0,Unpredictable
1390,$PRVB,0.0,0.0,1.0,1.0,1.0,Unpredictable
1389,$PLNT,0.0,0.0,1.0,1.0,1.0,Unpredictable
1388,$1.4B...,0.0,0.0,1.0,1.0,1.0,Unpredictable
1353,$61k,0.0,0.0,1.0,1.0,1.0,Unpredictable
1354,$TRIN,0.0,0.0,1.0,1.0,1.0,Unpredictable
1355,$FB?,0.0,0.0,1.0,1.0,1.0,Unpredictable
1356,$4!!,0.0,0.0,1.0,1.0,1.0,Unpredictable
1357,$2.70...,0.0,0.0,1.0,1.0,1.0,Unpredictable
1358,$3202.,0.0,0.0,1.0,1.0,1.0,Unpredictable
1359,$2.31.,0.0,0.0,1.0,1.0,1.0,Unpredictable
1360,$2.25T).,0.0,0.0,1.0,1.0,1.0,Unpredictable
1361,$EWZ,0.0,0.0,1.0,1.0,1.0,Unpredictable
1363,$316-$317,0.0,0.0,1.0,1.0,1.0,Unpredictable
1364,$310-,0.0,0.0,1.0,1.0,1.0,Unpredictable
1365,$1.58,0.0,0.0,1.0,1.0,1.0,Unpredictable
1366,$GOOG.,0.0,0.0,1.0,1.0,1.0,Unpredictable
1367,$SPXS.,0.0,0.0,1.0,1.0,1.0,Unpredictable
1368,$318...see,0.0,0.0,1.0,1.0,1.0,Unpredictable
1369,$176,0.0,0.0,1.0,1.0,1.0,Unpredictable
1370,$1550,0.0,0.0,1.0,1.0,1.0,Unpredictable
1372,$SPY‚Äôs,0.0,0.0,1.0,1.0,1.0,Unpredictable
1373,$BY,0.0,0.0,1.0,1.0,1.0,Unpredictable
1374,$71k,0.0,0.0,1.0,1.0,1.0,Unpredictable
1375,$JPMARGE,0.0,0.0,1.0,1.0,1.0,Unpredictable
1376,$670,0.0,0.0,1.0,1.0,1.0,Unpredictable
24,$2B,1.0,1.0,0.0,0.0,1.0,Unpredictable
1379,$550,0.0,0.0,1.0,1.0,1.0,Unpredictable
1380,$13000,0.0,0.0,1.0,1.0,1.0,Unpredictable
1381,$10000,0.0,0.0,1.0,1.0,1.0,Unpredictable
1382,$DJT,0.0,0.0,1.0,1.0,1.0,Unpredictable
1385,$3000!,0.0,0.0,1.0,1.0,1.0,Unpredictable
23,$1.17/share,1.0,1.0,0.0,0.0,1.0,Unpredictable
1076,$SBSW,1.0,1.0,0.0,0.0,1.0,Unpredictable
992,$324.15,1.0,1.0,0.0,0.0,1.0,Unpredictable
1074,$340.,1.0,1.0,0.0,0.0,1.0,Unpredictable
643,$SAVA,1.0,1.0,0.0,0.0,1.0,Unpredictable
620,$RDFN,1.0,1.0,0.0,0.0,1.0,Unpredictable
302,$5000...,1.0,1.0,0.0,0.0,1.0,Unpredictable
623,$TOL,1.0,1.0,0.0,0.0,1.0,Unpredictable
624,$340..,1.0,1.0,0.0,0.0,1.0,Unpredictable
626,$SVC,1.0,1.0,0.0,0.0,1.0,Unpredictable
300,$60.,1.0,1.0,0.0,0.0,1.0,Unpredictable
299,$280.,1.0,1.0,0.0,0.0,1.0,Unpredictable
630,$ZS,1.0,1.0,0.0,0.0,1.0,Unpredictable
631,$COTY,1.0,1.0,0.0,0.0,1.0,Unpredictable
632,$CODX,1.0,1.0,0.0,0.0,1.0,Unpredictable
297,$AUDJPY,1.0,1.0,0.0,0.0,1.0,Unpredictable
638,$XLY,1.0,1.0,0.0,0.0,1.0,Unpredictable
641,$1.04,1.0,1.0,0.0,0.0,1.0,Unpredictable
644,$INMB,1.0,1.0,0.0,0.0,1.0,Unpredictable
327,$GBX,1.0,1.0,0.0,0.0,1.0,Unpredictable
645,$AAPLHELLO,1.0,1.0,0.0,0.0,1.0,Unpredictable
646,$35,1.0,1.0,0.0,0.0,1.0,Unpredictable
649,$SH,1.0,1.0,0.0,0.0,1.0,Unpredictable
294,$23,1.0,1.0,0.0,0.0,1.0,Unpredictable
291,$LHX,1.0,1.0,0.0,0.0,1.0,Unpredictable
290,$DIS?,1.0,1.0,0.0,0.0,1.0,Unpredictable
289,$SPYü¶†,1.0,1.0,0.0,0.0,1.0,Unpredictable
654,$32.60,1.0,1.0,0.0,0.0,1.0,Unpredictable
655,$ITB.,1.0,1.0,0.0,0.0,1.0,Unpredictable
286,$CHINGCHINCHONG,1.0,1.0,0.0,0.0,1.0,Unpredictable
285,$319ü§£ü§£ü§£,1.0,1.0,0.0,0.0,1.0,Unpredictable
283,$3500,1.0,1.0,0.0,0.0,1.0,Unpredictable
660,$EQONE,1.0,1.0,0.0,0.0,1.0,Unpredictable
618,$GSAT,1.0,1.0,0.0,0.0,1.0,Unpredictable
617,$BSGM,1.0,1.0,0.0,0.0,1.0,Unpredictable
616,$PAVM,1.0,1.0,0.0,0.0,1.0,Unpredictable
615,$YIPI,1.0,1.0,0.0,0.0,1.0,Unpredictable
582,$AAP,1.0,1.0,0.0,0.0,1.0,Unpredictable
320,$313M,1.0,1.0,0.0,0.0,1.0,Unpredictable
584,$BNTX,1.0,1.0,0.0,0.0,1.0,Unpredictable
585,$7.5,1.0,1.0,0.0,0.0,1.0,Unpredictable
586,$CCXX,1.0,1.0,0.0,0.0,1.0,Unpredictable
587,$33+,1.0,1.0,0.0,0.0,1.0,Unpredictable
588,$NVDL,1.0,1.0,0.0,0.0,1.0,Unpredictable
319,$XRX,1.0,1.0,0.0,0.0,1.0,Unpredictable
591,$27,1.0,1.0,0.0,0.0,1.0,Unpredictable
592,$LACQW,1.0,1.0,0.0,0.0,1.0,Unpredictable
316,$37.53,1.0,1.0,0.0,0.0,1.0,Unpredictable
596,$UVXY!!!,1.0,1.0,0.0,0.0,1.0,Unpredictable
315,$36.07,1.0,1.0,0.0,0.0,1.0,Unpredictable
313,$34.67.,1.0,1.0,0.0,0.0,1.0,Unpredictable
600,$FNGD,1.0,1.0,0.0,0.0,1.0,Unpredictable
601,$GME,1.0,1.0,0.0,0.0,1.0,Unpredictable
602,$396,1.0,1.0,0.0,0.0,1.0,Unpredictable
311,$HPE,1.0,1.0,0.0,0.0,1.0,Unpredictable
604,$WISA,1.0,1.0,0.0,0.0,1.0,Unpredictable
605,$OBLN,1.0,1.0,0.0,0.0,1.0,Unpredictable
607,$JCP,1.0,1.0,0.0,0.0,1.0,Unpredictable
608,$BIG,1.0,1.0,0.0,0.0,1.0,Unpredictable
609,$SPX),1.0,1.0,0.0,0.0,1.0,Unpredictable
610,$ELF,1.0,1.0,0.0,0.0,1.0,Unpredictable
612,$323üò≥üìàüî•,1.0,1.0,0.0,0.0,1.0,Unpredictable
306,$17...,1.0,1.0,0.0,0.0,1.0,Unpredictable
614,$SPY..,1.0,1.0,0.0,0.0,1.0,Unpredictable
661,$GLD?,1.0,1.0,0.0,0.0,1.0,Unpredictable
662,$REGN),1.0,1.0,0.0,0.0,1.0,Unpredictable
663,$CSIQ,1.0,1.0,0.0,0.0,1.0,Unpredictable
701,$328.4,1.0,1.0,0.0,0.0,1.0,Unpredictable
269,$ON,1.0,1.0,0.0,0.0,1.0,Unpredictable
704,$BYND.,1.0,1.0,0.0,0.0,1.0,Unpredictable
267,$TSLA**,1.0,1.0,0.0,0.0,1.0,Unpredictable
706,$XSLV,1.0,1.0,0.0,0.0,1.0,Unpredictable
707,$34.07.,1.0,1.0,0.0,0.0,1.0,Unpredictable
708,$338-$340,1.0,1.0,0.0,0.0,1.0,Unpredictable
711,$189.34,1.0,1.0,0.0,0.0,1.0,Unpredictable
713,$190‚Äôs;,1.0,1.0,0.0,0.0,1.0,Unpredictable
714,$193.40,1.0,1.0,0.0,0.0,1.0,Unpredictable
715,$195.00.,1.0,1.0,0.0,0.0,1.0,Unpredictable
716,$TROW,1.0,1.0,0.0,0.0,1.0,Unpredictable
264,$HOOD,1.0,1.0,0.0,0.0,1.0,Unpredictable
718,$GS.,1.0,1.0,0.0,0.0,1.0,Unpredictable
719,$GHSI,1.0,1.0,0.0,0.0,1.0,Unpredictable
720,$NSPR,1.0,1.0,0.0,0.0,1.0,Unpredictable
721,$AKER,1.0,1.0,0.0,0.0,1.0,Unpredictable
723,$577K,1.0,1.0,0.0,0.0,1.0,Unpredictable
724,$326K,1.0,1.0,0.0,0.0,1.0,Unpredictable
725,$402K,1.0,1.0,0.0,0.0,1.0,Unpredictable
263,$AAPL***Another,1.0,1.0,0.0,0.0,1.0,Unpredictable
727,$XRT,1.0,1.0,0.0,0.0,1.0,Unpredictable
261,$RH,1.0,1.0,0.0,0.0,1.0,Unpredictable
729,$CSPR,1.0,1.0,0.0,0.0,1.0,Unpredictable
260,$DRIP,1.0,1.0,0.0,0.0,1.0,Unpredictable
259,$7,1.0,1.0,0.0,0.0,1.0,Unpredictable
736,$AYX,1.0,1.0,0.0,0.0,1.0,Unpredictable
251,$HCAT,1.0,1.0,0.0,0.0,1.0,Unpredictable
270,$250K,1.0,1.0,0.0,0.0,1.0,Unpredictable
271,$31K,1.0,1.0,0.0,0.0,1.0,Unpredictable
282,$91K,1.0,1.0,0.0,0.0,1.0,Unpredictable
272,$MRNAüëç,1.0,1.0,0.0,0.0,1.0,Unpredictable
666,$AMCX,1.0,1.0,0.0,0.0,1.0,Unpredictable
667,$5B,1.0,1.0,0.0,0.0,1.0,Unpredictable
668,$DX_F,1.0,1.0,0.0,0.0,1.0,Unpredictable
669,$AIG,1.0,1.0,0.0,0.0,1.0,Unpredictable
670,$ASML,1.0,1.0,0.0,0.0,1.0,Unpredictable
671,$RUSS,1.0,1.0,0.0,0.0,1.0,Unpredictable
672,$150!,1.0,1.0,0.0,0.0,1.0,Unpredictable
674,$14.9,1.0,1.0,0.0,0.0,1.0,Unpredictable
675,$DJ_F,1.0,1.0,0.0,0.0,1.0,Unpredictable
677,$323+,1.0,1.0,0.0,0.0,1.0,Unpredictable
678,$330s.,1.0,1.0,0.0,0.0,1.0,Unpredictable
681,$327.xx.,1.0,1.0,0.0,0.0,1.0,Unpredictable
683,$110+,1.0,1.0,0.0,0.0,1.0,Unpredictable
280,$60K,1.0,1.0,0.0,0.0,1.0,Unpredictable
277,$149K,1.0,1.0,0.0,0.0,1.0,Unpredictable
275,$198K,1.0,1.0,0.0,0.0,1.0,Unpredictable
274,$35K,1.0,1.0,0.0,0.0,1.0,Unpredictable
688,$188,1.0,1.0,0.0,0.0,1.0,Unpredictable
689,$WIX,1.0,1.0,0.0,0.0,1.0,Unpredictable
690,$775,1.0,1.0,0.0,0.0,1.0,Unpredictable
691,$350s,1.0,1.0,0.0,0.0,1.0,Unpredictable
692,$.01,1.0,1.0,0.0,0.0,1.0,Unpredictable
693,$240,1.0,1.0,0.0,0.0,1.0,Unpredictable
694,$440.00,1.0,1.0,0.0,0.0,1.0,Unpredictable
273,$23K,1.0,1.0,0.0,0.0,1.0,Unpredictable
696,$PRCP,1.0,1.0,0.0,0.0,1.0,Unpredictable
697,$9..88/share,1.0,1.0,0.0,0.0,1.0,Unpredictable
581,$2000üòÇ,1.0,1.0,0.0,0.0,1.0,Unpredictable
576,$330-335,1.0,1.0,0.0,0.0,1.0,Unpredictable
1073,$200+,1.0,1.0,0.0,0.0,1.0,Unpredictable
470,$NK,1.0,1.0,0.0,0.0,1.0,Unpredictable
453,$$TSLA,1.0,1.0,0.0,0.0,1.0,Unpredictable
454,$25000),1.0,1.0,0.0,0.0,1.0,Unpredictable
455,$25000+,1.0,1.0,0.0,0.0,1.0,Unpredictable
456,$0.50,1.0,1.0,0.0,0.0,1.0,Unpredictable
457,$UAA,1.0,1.0,0.0,0.0,1.0,Unpredictable
460,$TAP,1.0,1.0,0.0,0.0,1.0,Unpredictable
374,$UONEK,1.0,1.0,0.0,0.0,1.0,Unpredictable
373,$UONE,1.0,1.0,0.0,0.0,1.0,Unpredictable
371,$OXY,1.0,1.0,0.0,0.0,1.0,Unpredictable
465,$313-$312,1.0,1.0,0.0,0.0,1.0,Unpredictable
466,$USD,1.0,1.0,0.0,0.0,1.0,Unpredictable
370,$32+,1.0,1.0,0.0,0.0,1.0,Unpredictable
469,$TA,1.0,1.0,0.0,0.0,1.0,Unpredictable
472,$HLF,1.0,1.0,0.0,0.0,1.0,Unpredictable
329,$182k,1.0,1.0,0.0,0.0,1.0,Unpredictable
364,$PHUN,1.0,1.0,0.0,0.0,1.0,Unpredictable
474,$EYEG,1.0,1.0,0.0,0.0,1.0,Unpredictable
475,$IZEA,1.0,1.0,0.0,0.0,1.0,Unpredictable
477,$4.5üî•,1.0,1.0,0.0,0.0,1.0,Unpredictable
478,$195,1.0,1.0,0.0,0.0,1.0,Unpredictable
479,$250.,1.0,1.0,0.0,0.0,1.0,Unpredictable
482,$CUK,1.0,1.0,0.0,0.0,1.0,Unpredictable
483,$VEA,1.0,1.0,0.0,0.0,1.0,Unpredictable
484,$IYC,1.0,1.0,0.0,0.0,1.0,Unpredictable
486,$SOCL,1.0,1.0,0.0,0.0,1.0,Unpredictable
487,$VUG,1.0,1.0,0.0,0.0,1.0,Unpredictable
488,$MTUM,1.0,1.0,0.0,0.0,1.0,Unpredictable
489,$CNTY,1.0,1.0,0.0,0.0,1.0,Unpredictable
379,$1500.,1.0,1.0,0.0,0.0,1.0,Unpredictable
450,$BCH.X,1.0,1.0,0.0,0.0,1.0,Unpredictable
382,$133k,1.0,1.0,0.0,0.0,1.0,Unpredictable
383,$72,1.0,1.0,0.0,0.0,1.0,Unpredictable
405,$OST,1.0,1.0,0.0,0.0,1.0,Unpredictable
404,$VYM,1.0,1.0,0.0,0.0,1.0,Unpredictable
415,$325+,1.0,1.0,0.0,0.0,1.0,Unpredictable
416,$EMAN,1.0,1.0,0.0,0.0,1.0,Unpredictable
418,$TBLT,1.0,1.0,0.0,0.0,1.0,Unpredictable
419,$WTER,1.0,1.0,0.0,0.0,1.0,Unpredictable
396,$14k,1.0,1.0,0.0,0.0,1.0,Unpredictable
394,$AAPL**,1.0,1.0,0.0,0.0,1.0,Unpredictable
426,$CIDM,1.0,1.0,0.0,0.0,1.0,Unpredictable
392,$10-15,1.0,1.0,0.0,0.0,1.0,Unpredictable
428,$ùüèùüíùüéùüéùüé,1.0,1.0,0.0,0.0,1.0,Unpredictable
429,$ùüè.ùüèùêå,1.0,1.0,0.0,0.0,1.0,Unpredictable
430,$26,1.0,1.0,0.0,0.0,1.0,Unpredictable
431,$BCS,1.0,1.0,0.0,0.0,1.0,Unpredictable
387,$10.30,1.0,1.0,0.0,0.0,1.0,Unpredictable
434,$OSIS,1.0,1.0,0.0,0.0,1.0,Unpredictable
435,$19.99.,1.0,1.0,0.0,0.0,1.0,Unpredictable
436,$CME,1.0,1.0,0.0,0.0,1.0,Unpredictable
437,$MNST,1.0,1.0,0.0,0.0,1.0,Unpredictable
438,$LABU,1.0,1.0,0.0,0.0,1.0,Unpredictable
440,$LABD,1.0,1.0,0.0,0.0,1.0,Unpredictable
441,$BOX,1.0,1.0,0.0,0.0,1.0,Unpredictable
442,$OKTA,1.0,1.0,0.0,0.0,1.0,Unpredictable
443,$49,1.0,1.0,0.0,0.0,1.0,Unpredictable
385,$380.....carry,1.0,1.0,0.0,0.0,1.0,Unpredictable
384,$40-45,1.0,1.0,0.0,0.0,1.0,Unpredictable
446,$3.1,1.0,1.0,0.0,0.0,1.0,Unpredictable
490,$NE,1.0,1.0,0.0,0.0,1.0,Unpredictable
491,$USDX,1.0,1.0,0.0,0.0,1.0,Unpredictable
492,$5T,1.0,1.0,0.0,0.0,1.0,Unpredictable
541,$60!!!+$17.75,1.0,1.0,0.0,0.0,1.0,Unpredictable
543,$1.47,1.0,1.0,0.0,0.0,1.0,Unpredictable
544,$3.69+151%,1.0,1.0,0.0,0.0,1.0,Unpredictable
546,$317.88+$5.11.,1.0,1.0,0.0,0.0,1.0,Unpredictable
547,$SPY$312.85,1.0,1.0,0.0,0.0,1.0,Unpredictable
548,"""$315s""",1.0,1.0,0.0,0.0,1.0,Unpredictable
549,$1.47-$3.69,1.0,1.0,0.0,0.0,1.0,Unpredictable
550,$NGL,1.0,1.0,0.0,0.0,1.0,Unpredictable
551,$KLAC,1.0,1.0,0.0,0.0,1.0,Unpredictable
338,$STNG,1.0,1.0,0.0,0.0,1.0,Unpredictable
553,$BBX,1.0,1.0,0.0,0.0,1.0,Unpredictable
556,$26.88,1.0,1.0,0.0,0.0,1.0,Unpredictable
333,$BRQS,1.0,1.0,0.0,0.0,1.0,Unpredictable
558,$ASA,1.0,1.0,0.0,0.0,1.0,Unpredictable
559,$CVS,1.0,1.0,0.0,0.0,1.0,Unpredictable
560,$63k,1.0,1.0,0.0,0.0,1.0,Unpredictable
561,$WW,1.0,1.0,0.0,0.0,1.0,Unpredictable
562,$175M,1.0,1.0,0.0,0.0,1.0,Unpredictable
563,$22.17),1.0,1.0,0.0,0.0,1.0,Unpredictable
564,$47.86,1.0,1.0,0.0,0.0,1.0,Unpredictable
565,$85.20),1.0,1.0,0.0,0.0,1.0,Unpredictable
566,$332.99.,1.0,1.0,0.0,0.0,1.0,Unpredictable
567,$SPY...Algos,1.0,1.0,0.0,0.0,1.0,Unpredictable
568,$332.86,1.0,1.0,0.0,0.0,1.0,Unpredictable
569,$KGKG,1.0,1.0,0.0,0.0,1.0,Unpredictable
332,$TALA,1.0,1.0,0.0,0.0,1.0,Unpredictable
330,$310.5-$311,1.0,1.0,0.0,0.0,1.0,Unpredictable
573,$AVGO,1.0,1.0,0.0,0.0,1.0,Unpredictable
542,$SPYJULY,1.0,1.0,0.0,0.0,1.0,Unpredictable
540,$42.10-($40.10,1.0,1.0,0.0,0.0,1.0,Unpredictable
494,$NEE,1.0,1.0,0.0,0.0,1.0,Unpredictable
539,$DS,1.0,1.0,0.0,0.0,1.0,Unpredictable
496,$DXC,1.0,1.0,0.0,0.0,1.0,Unpredictable
360,$JETS.,1.0,1.0,0.0,0.0,1.0,Unpredictable
499,$1.2ùôà,1.0,1.0,0.0,0.0,1.0,Unpredictable
358,$315.50,1.0,1.0,0.0,0.0,1.0,Unpredictable
501,$DFNS,1.0,1.0,0.0,0.0,1.0,Unpredictable
503,$$MAKE,1.0,1.0,0.0,0.0,1.0,Unpredictable
353,$4.25,1.0,1.0,0.0,0.0,1.0,Unpredictable
508,$MYT,1.0,1.0,0.0,0.0,1.0,Unpredictable
348,$SXTC,1.0,1.0,0.0,0.0,1.0,Unpredictable
512,$XT,1.0,1.0,0.0,0.0,1.0,Unpredictable
513,$CHAD><><tech,1.0,1.0,0.0,0.0,1.0,Unpredictable
515,$MFA,1.0,1.0,0.0,0.0,1.0,Unpredictable
517,$SPYX,1.0,1.0,0.0,0.0,1.0,Unpredictable
346,$310-$311,1.0,1.0,0.0,0.0,1.0,Unpredictable
519,$AIKI,1.0,1.0,0.0,0.0,1.0,Unpredictable
521,$215-$220,1.0,1.0,0.0,0.0,1.0,Unpredictable
342,$PSX,1.0,1.0,0.0,0.0,1.0,Unpredictable
525,$311.51,1.0,1.0,0.0,0.0,1.0,Unpredictable
526,$310.56,1.0,1.0,0.0,0.0,1.0,Unpredictable
527,$292.92.,1.0,1.0,0.0,0.0,1.0,Unpredictable
528,$310.68,1.0,1.0,0.0,0.0,1.0,Unpredictable
529,$5.12,1.0,1.0,0.0,0.0,1.0,Unpredictable
532,$430M,1.0,1.0,0.0,0.0,1.0,Unpredictable
534,$79.70-$111..,1.0,1.0,0.0,0.0,1.0,Unpredictable
535,$109.63-$92.00,1.0,1.0,0.0,0.0,1.0,Unpredictable
537,$90+85.69%,1.0,1.0,0.0,0.0,1.0,Unpredictable
340,$425,1.0,1.0,0.0,0.0,1.0,Unpredictable
738,$COUP,1.0,1.0,0.0,0.0,1.0,Unpredictable
739,$916M,1.0,1.0,0.0,0.0,1.0,Unpredictable
246,$2M,1.0,1.0,0.0,0.0,1.0,Unpredictable
965,$FXI,1.0,1.0,0.0,0.0,1.0,Unpredictable
946,$168,1.0,1.0,0.0,0.0,1.0,Unpredictable
948,$80+,1.0,1.0,0.0,0.0,1.0,Unpredictable
949,$CAR,1.0,1.0,0.0,0.0,1.0,Unpredictable
950,$AMAT,1.0,1.0,0.0,0.0,1.0,Unpredictable
951,$SCI,1.0,1.0,0.0,0.0,1.0,Unpredictable
952,$327,1.0,1.0,0.0,0.0,1.0,Unpredictable
956,$SSEC,1.0,1.0,0.0,0.0,1.0,Unpredictable
957,$65.,1.0,1.0,0.0,0.0,1.0,Unpredictable
960,$3400,1.0,1.0,0.0,0.0,1.0,Unpredictable
961,$335!!,1.0,1.0,0.0,0.0,1.0,Unpredictable
962,$IWR,1.0,1.0,0.0,0.0,1.0,Unpredictable
963,$AAPLImagine,1.0,1.0,0.0,0.0,1.0,Unpredictable
964,$TCEHY,1.0,1.0,0.0,0.0,1.0,Unpredictable
966,$SZSE,1.0,1.0,0.0,0.0,1.0,Unpredictable
743,$CDEV,1.0,1.0,0.0,0.0,1.0,Unpredictable
967,$210,1.0,1.0,0.0,0.0,1.0,Unpredictable
968,$36.88,1.0,1.0,0.0,0.0,1.0,Unpredictable
969,$35.83,1.0,1.0,0.0,0.0,1.0,Unpredictable
972,$AMZN-,1.0,1.0,0.0,0.0,1.0,Unpredictable
973,$137,1.0,1.0,0.0,0.0,1.0,Unpredictable
194,$801-$499.95=+$302,1.0,1.0,0.0,0.0,1.0,Unpredictable
193,$499.95,1.0,1.0,0.0,0.0,1.0,Unpredictable
192,$4.71,1.0,1.0,0.0,0.0,1.0,Unpredictable
191,$3.51,1.0,1.0,0.0,0.0,1.0,Unpredictable
190,$4.04+here,1.0,1.0,0.0,0.0,1.0,Unpredictable
188,$148!!!!!,1.0,1.0,0.0,0.0,1.0,Unpredictable
982,$PLUG$AMZN,1.0,1.0,0.0,0.0,1.0,Unpredictable
984,$15.80,1.0,1.0,0.0,0.0,1.0,Unpredictable
945,$HUYA.,1.0,1.0,0.0,0.0,1.0,Unpredictable
196,$SVXY,1.0,1.0,0.0,0.0,1.0,Unpredictable
943,$RYCE,1.0,1.0,0.0,0.0,1.0,Unpredictable
942,$WHAT,1.0,1.0,0.0,0.0,1.0,Unpredictable
908,$330++‚òùÔ∏èü§ëü§ëü§ëü§ëü§ëü§ë,1.0,1.0,0.0,0.0,1.0,Unpredictable
198,$5+close,1.0,1.0,0.0,0.0,1.0,Unpredictable
910,$GLD.,1.0,1.0,0.0,0.0,1.0,Unpredictable
911,$320!!!!!üöÄüöÄüöÄ,1.0,1.0,0.0,0.0,1.0,Unpredictable
912,$38.53,1.0,1.0,0.0,0.0,1.0,Unpredictable
913,$125K,1.0,1.0,0.0,0.0,1.0,Unpredictable
914,$15B,1.0,1.0,0.0,0.0,1.0,Unpredictable
915,$935M,1.0,1.0,0.0,0.0,1.0,Unpredictable
916,$420s,1.0,1.0,0.0,0.0,1.0,Unpredictable
918,$DDOG,1.0,1.0,0.0,0.0,1.0,Unpredictable
919,$155,1.0,1.0,0.0,0.0,1.0,Unpredictable
920,$AZN?),1.0,1.0,0.0,0.0,1.0,Unpredictable
922,$CNBC,1.0,1.0,0.0,0.0,1.0,Unpredictable
924,$CDXC,1.0,1.0,0.0,0.0,1.0,Unpredictable
925,$BSV.X,1.0,1.0,0.0,0.0,1.0,Unpredictable
926,$UNP,1.0,1.0,0.0,0.0,1.0,Unpredictable
928,$QDEL,1.0,1.0,0.0,0.0,1.0,Unpredictable
929,$315-$317..,1.0,1.0,0.0,0.0,1.0,Unpredictable
930,$400?,1.0,1.0,0.0,0.0,1.0,Unpredictable
931,$199.3,1.0,1.0,0.0,0.0,1.0,Unpredictable
932,$600000,1.0,1.0,0.0,0.0,1.0,Unpredictable
933,$650000,1.0,1.0,0.0,0.0,1.0,Unpredictable
935,$US30USD,1.0,1.0,0.0,0.0,1.0,Unpredictable
936,$420.00,1.0,1.0,0.0,0.0,1.0,Unpredictable
937,$XLNX,1.0,1.0,0.0,0.0,1.0,Unpredictable
939,$IHI,1.0,1.0,0.0,0.0,1.0,Unpredictable
940,$SIL,1.0,1.0,0.0,0.0,1.0,Unpredictable
985,$16.80,1.0,1.0,0.0,0.0,1.0,Unpredictable
988,$8.70,1.0,1.0,0.0,0.0,1.0,Unpredictable
989,$9.30,1.0,1.0,0.0,0.0,1.0,Unpredictable
1036,$177.37,1.0,1.0,0.0,0.0,1.0,Unpredictable
1038,$174.42,1.0,1.0,0.0,0.0,1.0,Unpredictable
163,$QQQ...,1.0,1.0,0.0,0.0,1.0,Unpredictable
161,$$$!,1.0,1.0,0.0,0.0,1.0,Unpredictable
158,$CLDX,1.0,1.0,0.0,0.0,1.0,Unpredictable
156,$316+,1.0,1.0,0.0,0.0,1.0,Unpredictable
155,$BGI,1.0,1.0,0.0,0.0,1.0,Unpredictable
1047,$6.46,1.0,1.0,0.0,0.0,1.0,Unpredictable
151,$1.56,1.0,1.0,0.0,0.0,1.0,Unpredictable
1049,$ALNY,1.0,1.0,0.0,0.0,1.0,Unpredictable
1050,$AXN,1.0,1.0,0.0,0.0,1.0,Unpredictable
1051,$19.5,1.0,1.0,0.0,0.0,1.0,Unpredictable
1052,$12!!!,1.0,1.0,0.0,0.0,1.0,Unpredictable
1054,$FUTU,1.0,1.0,0.0,0.0,1.0,Unpredictable
1055,$747000.,1.0,1.0,0.0,0.0,1.0,Unpredictable
1056,$BTK,1.0,1.0,0.0,0.0,1.0,Unpredictable
1058,$SPXL.,1.0,1.0,0.0,0.0,1.0,Unpredictable
1059,$HOTH,1.0,1.0,0.0,0.0,1.0,Unpredictable
1060,$328-$330,1.0,1.0,0.0,0.0,1.0,Unpredictable
1061,$333.,1.0,1.0,0.0,0.0,1.0,Unpredictable
1062,$TOLZ,1.0,1.0,0.0,0.0,1.0,Unpredictable
1063,$40.45.,1.0,1.0,0.0,0.0,1.0,Unpredictable
1065,$BLUE,1.0,1.0,0.0,0.0,1.0,Unpredictable
1066,$PULM,1.0,1.0,0.0,0.0,1.0,Unpredictable
1067,$SPY),1.0,1.0,0.0,0.0,1.0,Unpredictable
150,$AIHS,1.0,1.0,0.0,0.0,1.0,Unpredictable
1069,$VRTX,1.0,1.0,0.0,0.0,1.0,Unpredictable
1071,$ENZ,1.0,1.0,0.0,0.0,1.0,Unpredictable
1037,$2.95,1.0,1.0,0.0,0.0,1.0,Unpredictable
164,$9+,1.0,1.0,0.0,0.0,1.0,Unpredictable
990,$10.50,1.0,1.0,0.0,0.0,1.0,Unpredictable
173,$148!!!!,1.0,1.0,0.0,0.0,1.0,Unpredictable
991,$7.21,1.0,1.0,0.0,0.0,1.0,Unpredictable
408,$318.,1.0,1.0,0.0,0.0,1.0,Unpredictable
997,$9,1.0,1.0,0.0,0.0,1.0,Unpredictable
186,$SPHD,1.0,1.0,0.0,0.0,1.0,Unpredictable
1001,$GSK,1.0,1.0,0.0,0.0,1.0,Unpredictable
1002,$HDSN,1.0,1.0,0.0,0.0,1.0,Unpredictable
1004,$QTT,1.0,1.0,0.0,0.0,1.0,Unpredictable
1005,$TWC,1.0,1.0,0.0,0.0,1.0,Unpredictable
1007,$BJ,1.0,1.0,0.0,0.0,1.0,Unpredictable
1008,$KBH,1.0,1.0,0.0,0.0,1.0,Unpredictable
185,$148,1.0,1.0,0.0,0.0,1.0,Unpredictable
1012,$3.5T,1.0,1.0,0.0,0.0,1.0,Unpredictable
1013,$KLR,1.0,1.0,0.0,0.0,1.0,Unpredictable
1014,$7-$10,1.0,1.0,0.0,0.0,1.0,Unpredictable
1015,$609K,1.0,1.0,0.0,0.0,1.0,Unpredictable
181,$PTE,1.0,1.0,0.0,0.0,1.0,Unpredictable
1017,$9.50,1.0,1.0,0.0,0.0,1.0,Unpredictable
1018,$11+.,1.0,1.0,0.0,0.0,1.0,Unpredictable
1020,$6M,1.0,1.0,0.0,0.0,1.0,Unpredictable
1022,$RUTH,1.0,1.0,0.0,0.0,1.0,Unpredictable
1023,$59,1.0,1.0,0.0,0.0,1.0,Unpredictable
1024,$62.5,1.0,1.0,0.0,0.0,1.0,Unpredictable
1029,$CPC,1.0,1.0,0.0,0.0,1.0,Unpredictable
1030,$NYSE,1.0,1.0,0.0,0.0,1.0,Unpredictable
1031,$1650,1.0,1.0,0.0,0.0,1.0,Unpredictable
176,$KC,1.0,1.0,0.0,0.0,1.0,Unpredictable
175,$FOUR,1.0,1.0,0.0,0.0,1.0,Unpredictable
907,$RMBL,1.0,1.0,0.0,0.0,1.0,Unpredictable
906,$100?,1.0,1.0,0.0,0.0,1.0,Unpredictable
905,$30?,1.0,1.0,0.0,0.0,1.0,Unpredictable
781,$NCNO,1.0,1.0,0.0,0.0,1.0,Unpredictable
229,$BUL,1.0,1.0,0.0,0.0,1.0,Unpredictable
228,$TSLA!!!,1.0,1.0,0.0,0.0,1.0,Unpredictable
788,$444,1.0,1.0,0.0,0.0,1.0,Unpredictable
226,$HK,1.0,1.0,0.0,0.0,1.0,Unpredictable
791,$TEVA,1.0,1.0,0.0,0.0,1.0,Unpredictable
793,$42K,1.0,1.0,0.0,0.0,1.0,Unpredictable
794,$449K,1.0,1.0,0.0,0.0,1.0,Unpredictable
223,$6+$SPY,1.0,1.0,0.0,0.0,1.0,Unpredictable
222,$1.8M,1.0,1.0,0.0,0.0,1.0,Unpredictable
797,$85,1.0,1.0,0.0,0.0,1.0,Unpredictable
798,$MRO,1.0,1.0,0.0,0.0,1.0,Unpredictable
220,$BIOC,1.0,1.0,0.0,0.0,1.0,Unpredictable
800,$76,1.0,1.0,0.0,0.0,1.0,Unpredictable
801,$920000000,1.0,1.0,0.0,0.0,1.0,Unpredictable
802,$1400000000,1.0,1.0,0.0,0.0,1.0,Unpredictable
804,$$$?,1.0,1.0,0.0,0.0,1.0,Unpredictable
810,$BCRX,1.0,1.0,0.0,0.0,1.0,Unpredictable
811,$BKYI,1.0,1.0,0.0,0.0,1.0,Unpredictable
812,$520,1.0,1.0,0.0,0.0,1.0,Unpredictable
813,$300.00.,1.0,1.0,0.0,0.0,1.0,Unpredictable
814,$DJIA),1.0,1.0,0.0,0.0,1.0,Unpredictable
815,$1.59,1.0,1.0,0.0,0.0,1.0,Unpredictable
816,$460.,1.0,1.0,0.0,0.0,1.0,Unpredictable
818,$FMCI/$LCA,1.0,1.0,0.0,0.0,1.0,Unpredictable
819,$GERM,1.0,1.0,0.0,0.0,1.0,Unpredictable
820,$135K,1.0,1.0,0.0,0.0,1.0,Unpredictable
822,$626K,1.0,1.0,0.0,0.0,1.0,Unpredictable
230,$435,1.0,1.0,0.0,0.0,1.0,Unpredictable
236,$NERV,1.0,1.0,0.0,0.0,1.0,Unpredictable
825,$59.84.,1.0,1.0,0.0,0.0,1.0,Unpredictable
779,$DGLY!!!,1.0,1.0,0.0,0.0,1.0,Unpredictable
744,$CACI,1.0,1.0,0.0,0.0,1.0,Unpredictable
244,$CHGG,1.0,1.0,0.0,0.0,1.0,Unpredictable
746,$GTX,1.0,1.0,0.0,0.0,1.0,Unpredictable
747,$327.,1.0,1.0,0.0,0.0,1.0,Unpredictable
749,$840K,1.0,1.0,0.0,0.0,1.0,Unpredictable
750,$BOXL...,1.0,1.0,0.0,0.0,1.0,Unpredictable
751,$7.,1.0,1.0,0.0,0.0,1.0,Unpredictable
752,$94K,1.0,1.0,0.0,0.0,1.0,Unpredictable
753,$22.50,1.0,1.0,0.0,0.0,1.0,Unpredictable
754,$3.00!!!,1.0,1.0,0.0,0.0,1.0,Unpredictable
758,$BE,1.0,1.0,0.0,0.0,1.0,Unpredictable
240,$GSX,1.0,1.0,0.0,0.0,1.0,Unpredictable
760,$AMZG,1.0,1.0,0.0,0.0,1.0,Unpredictable
761,$32k,1.0,1.0,0.0,0.0,1.0,Unpredictable
238,$4k.,1.0,1.0,0.0,0.0,1.0,Unpredictable
763,$GPX,1.0,1.0,0.0,0.0,1.0,Unpredictable
765,$XIV,1.0,1.0,0.0,0.0,1.0,Unpredictable
767,$40000,1.0,1.0,0.0,0.0,1.0,Unpredictable
768,$2.2M,1.0,1.0,0.0,0.0,1.0,Unpredictable
769,$NOBL,1.0,1.0,0.0,0.0,1.0,Unpredictable
770,$319.75.,1.0,1.0,0.0,0.0,1.0,Unpredictable
771,$319.10.,1.0,1.0,0.0,0.0,1.0,Unpredictable
773,$DJX,1.0,1.0,0.0,0.0,1.0,Unpredictable
774,$CW,1.0,1.0,0.0,0.0,1.0,Unpredictable
775,$87,1.0,1.0,0.0,0.0,1.0,Unpredictable
776,$AER,1.0,1.0,0.0,0.0,1.0,Unpredictable
777,$29.50.,1.0,1.0,0.0,0.0,1.0,Unpredictable
823,$SKYPE,1.0,1.0,0.0,0.0,1.0,Unpredictable
826,$59.84,1.0,1.0,0.0,0.0,1.0,Unpredictable
904,$20?,1.0,1.0,0.0,0.0,1.0,Unpredictable
867,$NTNX,1.0,1.0,0.0,0.0,1.0,Unpredictable
869,$DIA-,1.0,1.0,0.0,0.0,1.0,Unpredictable
870,$$$.,1.0,1.0,0.0,0.0,1.0,Unpredictable
871,$ATOS,1.0,1.0,0.0,0.0,1.0,Unpredictable
872,"""$10s""",1.0,1.0,0.0,0.0,1.0,Unpredictable
874,$530,1.0,1.0,0.0,0.0,1.0,Unpredictable
875,$FNKO,1.0,1.0,0.0,0.0,1.0,Unpredictable
876,$5.88+,1.0,1.0,0.0,0.0,1.0,Unpredictable
878,$180K,1.0,1.0,0.0,0.0,1.0,Unpredictable
204,$69,1.0,1.0,0.0,0.0,1.0,Unpredictable
881,$420K,1.0,1.0,0.0,0.0,1.0,Unpredictable
882,$374K,1.0,1.0,0.0,0.0,1.0,Unpredictable
884,$HOMZ,1.0,1.0,0.0,0.0,1.0,Unpredictable
885,$200M,1.0,1.0,0.0,0.0,1.0,Unpredictable
886,$4,1.0,1.0,0.0,0.0,1.0,Unpredictable
201,$38-39,1.0,1.0,0.0,0.0,1.0,Unpredictable
200,$60-65,1.0,1.0,0.0,0.0,1.0,Unpredictable
892,$155K,1.0,1.0,0.0,0.0,1.0,Unpredictable
893,$AHT,1.0,1.0,0.0,0.0,1.0,Unpredictable
894,$XAUUSD,1.0,1.0,0.0,0.0,1.0,Unpredictable
895,$330+++,1.0,1.0,0.0,0.0,1.0,Unpredictable
897,$PPG.,1.0,1.0,0.0,0.0,1.0,Unpredictable
898,$0.22.,1.0,1.0,0.0,0.0,1.0,Unpredictable
899,$ATNM,1.0,1.0,0.0,0.0,1.0,Unpredictable
900,$CHEK,1.0,1.0,0.0,0.0,1.0,Unpredictable
901,$ADMA,1.0,1.0,0.0,0.0,1.0,Unpredictable
902,$ONTX,1.0,1.0,0.0,0.0,1.0,Unpredictable
199,$5-6B,1.0,1.0,0.0,0.0,1.0,Unpredictable
868,$322?,1.0,1.0,0.0,0.0,1.0,Unpredictable
866,$75!,1.0,1.0,0.0,0.0,1.0,Unpredictable
827,$64.2,1.0,1.0,0.0,0.0,1.0,Unpredictable
865,$PPL,1.0,1.0,0.0,0.0,1.0,Unpredictable
828,$69.74,1.0,1.0,0.0,0.0,1.0,Unpredictable
829,$4.16,1.0,1.0,0.0,0.0,1.0,Unpredictable
830,$JILL,1.0,1.0,0.0,0.0,1.0,Unpredictable
831,$139.94,1.0,1.0,0.0,0.0,1.0,Unpredictable
832,$146.,1.0,1.0,0.0,0.0,1.0,Unpredictable
834,$150.74.,1.0,1.0,0.0,0.0,1.0,Unpredictable
835,$150.74,1.0,1.0,0.0,0.0,1.0,Unpredictable
837,$2K+,1.0,1.0,0.0,0.0,1.0,Unpredictable
838,$4+,1.0,1.0,0.0,0.0,1.0,Unpredictable
839,$455.,1.0,1.0,0.0,0.0,1.0,Unpredictable
840,$475.,1.0,1.0,0.0,0.0,1.0,Unpredictable
841,$455,1.0,1.0,0.0,0.0,1.0,Unpredictable
842,$306!,1.0,1.0,0.0,0.0,1.0,Unpredictable
844,$LORL,1.0,1.0,0.0,0.0,1.0,Unpredictable
846,$3000!!!,1.0,1.0,0.0,0.0,1.0,Unpredictable
850,$350?,1.0,1.0,0.0,0.0,1.0,Unpredictable
851,$CBL,1.0,1.0,0.0,0.0,1.0,Unpredictable
852,$DSX,1.0,1.0,0.0,0.0,1.0,Unpredictable
853,$1.42,1.0,1.0,0.0,0.0,1.0,Unpredictable
214,$119.00,1.0,1.0,0.0,0.0,1.0,Unpredictable
855,$VHI,1.0,1.0,0.0,0.0,1.0,Unpredictable
857,$30+,1.0,1.0,0.0,0.0,1.0,Unpredictable
858,$224,1.0,1.0,0.0,0.0,1.0,Unpredictable
859,"$PT""Sometimes",1.0,1.0,0.0,0.0,1.0,Unpredictable
861,$27+,1.0,1.0,0.0,0.0,1.0,Unpredictable
207,$220,1.0,1.0,0.0,0.0,1.0,Unpredictable
864,$37k,1.0,1.0,0.0,0.0,1.0,Unpredictable
1573,$TSLAQ,0.0,0.0,1.0,1.0,1.0,Unpredictable
